<?xml version = "1.0" encoding = "UTF-8"?><!-- IBM Confidential OCO Source Materials --><!-- (C) COPYRIGHT IBM CORP. 2011-2025 --><!-- The source code for this program is not published or otherwise divested of its trade secrets, irrespective of what has been deposited with the U.S. Copyright Office. --> <OMObjects><OMObject Type='1001'><Module><![CDATA[triPlatformMeta]]></Module><BO><![CDATA[triApplicationMeta]]></BO><Name><![CDATA[\triviteTemplate]]></Name><ObjectLabelName><![CDATA[In Progress 0.0]]></ObjectLabelName><File><![CDATA[Application_3a72c7e7a070572d705595a03d114fb71887c4ea.xml]]></File></OMObject><OMObject Type='4'><Module><![CDATA[Location]]></Module><BO><![CDATA[triBuilding]]></BO><Name><![CDATA[triBuilding - Building Details]]></Name><ObjectLabelName><![CDATA[IBM-T 10.5.0]]></ObjectLabelName><File><![CDATA[Query_Location_triBuilding_triBuilding-BuildingDetails.xml]]></File></OMObject><OMObject Type='4'><Module><![CDATA[triIntermediate]]></Module><BO><![CDATA[triContactRole]]></BO><Name><![CDATA[triContactRole - Filter - Reservation Coordinator Contact Roles for Person]]></Name><ObjectLabelName><![CDATA[IBM-T 11.2]]></ObjectLabelName><File><![CDATA[Query_triIntermediate_triContactRole_triContactRole-Filter-ReservationCoordinatorContactRolesforPerson.xml]]></File></OMObject><OMObject Type='4'><Module><![CDATA[triPeople]]></Module><BO><![CDATA[triPeople]]></BO><Name><![CDATA[triPeople - Filter - People for My Profile Record]]></Name><ObjectLabelName><![CDATA[IBM-T 11.2]]></ObjectLabelName><File><![CDATA[Query_triPeople_triPeople_triPeople-Filter-PeopleforMyProfileRecord.xml]]></File></OMObject><OMObject Type='4'><Module><![CDATA[triPeople]]></Module><BO><![CDATA[triPeople]]></BO><Name><![CDATA[triPeople - UX - Room Reservation -  Current User is Delegate For]]></Name><ObjectLabelName><![CDATA[IBM-T 11.2]]></ObjectLabelName><File><![CDATA[Query_triPeople_triPeople_triPeople-UX-RoomReservation-CurrentUserisDelegateFor.xml]]></File></OMObject><OMObject Type='4'><Module><![CDATA[Location]]></Module><BO><![CDATA[triSpace]]></BO><Name><![CDATA[triSpace - UX - Room Reservation - My Private Spaces]]></Name><ObjectLabelName><![CDATA[IBM-T 11.2]]></ObjectLabelName><File><![CDATA[Query_Location_triSpace_triSpace-UX-RoomReservation-MyPrivateSpaces.xml]]></File></OMObject><OMObject Type='1003'><Module><![CDATA[triPlatformMeta]]></Module><BO><![CDATA[triModelAndViewMeta]]></BO><Name><![CDATA[\triviteTemplate]]></Name><ObjectLabelName><![CDATA[In Progress 0.0]]></ObjectLabelName><File><![CDATA[ModelAndView_3a72c7e7a070572d705595a03d114fb71887c4ea.xml]]></File></OMObject><OMObject Type='1002'><Module><![CDATA[triPlatformMeta]]></Module><BO><![CDATA[triModelMeta]]></BO><Name><![CDATA[\triviteTemplate]]></Name><ObjectLabelName><![CDATA[In Progress 0.0]]></ObjectLabelName><File><![CDATA[Model_3a72c7e7a070572d705595a03d114fb71887c4ea.xml]]></File></OMObject><OMObject Type='1007'><Module><![CDATA[triPlatformMeta]]></Module><BO><![CDATA[triDataSourceMeta]]></BO><Name><![CDATA[\triviteTemplate-Current User-3479]]></Name><ObjectLabelName><![CDATA[In Progress 0.0]]></ObjectLabelName><File><![CDATA[DataSource_7fec9114153ee6f645bf39e6b0f7853512160665.xml]]></File></OMObject><OMObject Type='1007'><Module><![CDATA[triPlatformMeta]]></Module><BO><![CDATA[triDataSourceMeta]]></BO><Name><![CDATA[\triviteTemplate-Delegate For-3481]]></Name><ObjectLabelName><![CDATA[In Progress 0.0]]></ObjectLabelName><File><![CDATA[DataSource_8153627914930e6ef215e4b1c41abb3e8b26d34c.xml]]></File></OMObject><OMObject Type='1010'><Module><![CDATA[triPlatformMeta]]></Module><BO><![CDATA[triDsFieldMeta]]></BO><Name><![CDATA[\triviteTemplate-Delegate For-3481-Name-23163]]></Name><ObjectLabelName><![CDATA[In Progress 0.0]]></ObjectLabelName><File><![CDATA[DataSourceField_415a3e79972fbb2b4b540496a29fd7d5a41670d9.xml]]></File></OMObject><OMObject Type='1010'><Module><![CDATA[triPlatformMeta]]></Module><BO><![CDATA[triDsFieldMeta]]></BO><Name><![CDATA[\triviteTemplate-Delegate For-3481-Id-23162]]></Name><ObjectLabelName><![CDATA[In Progress 0.0]]></ObjectLabelName><File><![CDATA[DataSourceField_d99302d09edb1008a7432b93a101eb51c747646e.xml]]></File></OMObject><OMObject Type='1010'><Module><![CDATA[triPlatformMeta]]></Module><BO><![CDATA[triDsFieldMeta]]></BO><Name><![CDATA[\triviteTemplate-Delegate For-3481-eMail-23161]]></Name><ObjectLabelName><![CDATA[In Progress 0.0]]></ObjectLabelName><File><![CDATA[DataSourceField_7407d67bff2425689cf062f121ccc8dabd91d433.xml]]></File></OMObject><OMObject Type='1007'><Module><![CDATA[triPlatformMeta]]></Module><BO><![CDATA[triDataSourceMeta]]></BO><Name><![CDATA[\triviteTemplate-Current Person-3480]]></Name><ObjectLabelName><![CDATA[In Progress 0.0]]></ObjectLabelName><File><![CDATA[DataSource_9ca01e77a921090dc5ef9c1d2e9a8354e445432a.xml]]></File></OMObject><OMObject Type='1010'><Module><![CDATA[triPlatformMeta]]></Module><BO><![CDATA[triDsFieldMeta]]></BO><Name><![CDATA[\triviteTemplate-Current User-3479-triAccountCodeRoomTX-23160]]></Name><ObjectLabelName><![CDATA[In Progress 0.0]]></ObjectLabelName><File><![CDATA[DataSourceField_139fedae8984e9c5c990f4c294ca20db97cba0b0.xml]]></File></OMObject><OMObject Type='1007'><Module><![CDATA[triPlatformMeta]]></Module><BO><![CDATA[triDataSourceMeta]]></BO><Name><![CDATA[\triviteTemplate-Private Rooms-3483]]></Name><ObjectLabelName><![CDATA[In Progress 0.0]]></ObjectLabelName><File><![CDATA[DataSource_07bdf66ba7a40564b4d503f9cf9821cde8e835df.xml]]></File></OMObject><OMObject Type='1010'><Module><![CDATA[triPlatformMeta]]></Module><BO><![CDATA[triDsFieldMeta]]></BO><Name><![CDATA[\triviteTemplate-Current User-3479-triAccountCodeFoodTX-23159]]></Name><ObjectLabelName><![CDATA[In Progress 0.0]]></ObjectLabelName><File><![CDATA[DataSourceField_f53a35eb83b62ca50dca36ec4490d014682ab3bc.xml]]></File></OMObject><OMObject Type='1010'><Module><![CDATA[triPlatformMeta]]></Module><BO><![CDATA[triDsFieldMeta]]></BO><Name><![CDATA[\triviteTemplate-Current User-3479-triAccountCodeEquipmentTX-23158]]></Name><ObjectLabelName><![CDATA[In Progress 0.0]]></ObjectLabelName><File><![CDATA[DataSourceField_afc753f8afa564c7a70533b08259d49ba8cf7460.xml]]></File></OMObject><OMObject Type='1007'><Module><![CDATA[triPlatformMeta]]></Module><BO><![CDATA[triDataSourceMeta]]></BO><Name><![CDATA[\triviteTemplate-Favorite Rooms-3482]]></Name><ObjectLabelName><![CDATA[In Progress 0.0]]></ObjectLabelName><File><![CDATA[DataSource_7d068186c72d7f46e34947e9e3e3cee751274e41.xml]]></File></OMObject><OMObject Type='1010'><Module><![CDATA[triPlatformMeta]]></Module><BO><![CDATA[triDsFieldMeta]]></BO><Name><![CDATA[\triviteTemplate-Favorite Rooms-3482-Name-23164]]></Name><ObjectLabelName><![CDATA[In Progress 0.0]]></ObjectLabelName><File><![CDATA[DataSourceField_94269e0c8c601d863479bda2e362c1932bfe894e.xml]]></File></OMObject><OMObject Type='1010'><Module><![CDATA[triPlatformMeta]]></Module><BO><![CDATA[triDsFieldMeta]]></BO><Name><![CDATA[\triviteTemplate-Current User-3479-Last Name-23157]]></Name><ObjectLabelName><![CDATA[In Progress 0.0]]></ObjectLabelName><File><![CDATA[DataSourceField_79df711e03777fef1fd87f35fc188d8734089bfb.xml]]></File></OMObject><OMObject Type='1010'><Module><![CDATA[triPlatformMeta]]></Module><BO><![CDATA[triDsFieldMeta]]></BO><Name><![CDATA[\triviteTemplate-Current User-3479-First Name-23156]]></Name><ObjectLabelName><![CDATA[In Progress 0.0]]></ObjectLabelName><File><![CDATA[DataSourceField_d104d4659cf5fc60d9d417bb4beb15fcceeab770.xml]]></File></OMObject><OMObject Type='1010'><Module><![CDATA[triPlatformMeta]]></Module><BO><![CDATA[triDsFieldMeta]]></BO><Name><![CDATA[\triviteTemplate-Current User-3479-email-23155]]></Name><ObjectLabelName><![CDATA[In Progress 0.0]]></ObjectLabelName><File><![CDATA[DataSourceField_d8c886df3d0a96680679bc53e727019d40b24273.xml]]></File></OMObject><OMObject Type='1007'><Module><![CDATA[triPlatformMeta]]></Module><BO><![CDATA[triDataSourceMeta]]></BO><Name><![CDATA[\triviteTemplate-All Buildings-3484]]></Name><ObjectLabelName><![CDATA[In Progress 0.0]]></ObjectLabelName><File><![CDATA[DataSource_85f8660a6ab1014cf78b1c01612235124ddd0df2.xml]]></File></OMObject><OMObject Type='1010'><Module><![CDATA[triPlatformMeta]]></Module><BO><![CDATA[triDsFieldMeta]]></BO><Name><![CDATA[\triviteTemplate-All Buildings-3484-Parent Property-23165]]></Name><ObjectLabelName><![CDATA[In Progress 0.0]]></ObjectLabelName><File><![CDATA[DataSourceField_6053b963a4c60b8c831be1484c8ccd004b4ddd8f.xml]]></File></OMObject><OMObject Type='1010'><Module><![CDATA[triPlatformMeta]]></Module><BO><![CDATA[triDsFieldMeta]]></BO><Name><![CDATA[\triviteTemplate-All Buildings-3484-Building-23166]]></Name><ObjectLabelName><![CDATA[In Progress 0.0]]></ObjectLabelName><File><![CDATA[DataSourceField_afb9fd0955cb907a31d882e7132ca8cabaa77b29.xml]]></File></OMObject><OMObject Type='1005'><Module><![CDATA[triPlatformMeta]]></Module><BO><![CDATA[triWebViewMeta]]></BO><Name><![CDATA[\triviteTemplate-triviteTemplate]]></Name><ObjectLabelName><![CDATA[In Progress 0.0]]></ObjectLabelName><File><![CDATA[WebComponent_e0d33c684865a0b5efa9a5351791eb1e24001cee.xml]]></File></OMObject><OMObject Type='1011' IsIgnoreObjectLabelUpdate="1"><Module><![CDATA[triPlatformObjectLabelManager]]></Module><BO><![CDATA[triPlatformObjectLabelManager]]></BO><Name><![CDATA[\In Progress 0.0]]></Name><ObjectLabelName><![CDATA[]]></ObjectLabelName><File><![CDATA[ObjectLabel_cfb478ea4b3c19a2077f1d82f3fb196c5534c0db.xml]]></File></OMObject><OMObject Type='1011' IsIgnoreObjectLabelUpdate="1"><Module><![CDATA[triPlatformObjectLabelManager]]></Module><BO><![CDATA[triPlatformObjectLabelManager]]></BO><Name><![CDATA[\IBM-T 10.5.0]]></Name><ObjectLabelName><![CDATA[]]></ObjectLabelName><File><![CDATA[ObjectLabel_c3c3ac1c9fe391f0cd880bedc1f436d17bdc1c27.xml]]></File></OMObject><OMObject Type='1011' IsIgnoreObjectLabelUpdate="1"><Module><![CDATA[triPlatformObjectLabelManager]]></Module><BO><![CDATA[triPlatformObjectLabelManager]]></BO><Name><![CDATA[\Root 0.0]]></Name><ObjectLabelName><![CDATA[]]></ObjectLabelName><File><![CDATA[ObjectLabel_b037d8e4859a408ee21b48cc5787f6f3d1fa81c5.xml]]></File></OMObject><OMObject Type='1011' IsIgnoreObjectLabelUpdate="1"><Module><![CDATA[triPlatformObjectLabelManager]]></Module><BO><![CDATA[triPlatformObjectLabelManager]]></BO><Name><![CDATA[\IBM-T 11.2]]></Name><ObjectLabelName><![CDATA[]]></ObjectLabelName><File><![CDATA[ObjectLabel_2d9698a66afca50af78187475bc2d0e19728a7fa.xml]]></File></OMObject><OMObject Type='1011' IsIgnoreObjectLabelUpdate="1"><Module><![CDATA[triPlatformObjectLabelManager]]></Module><BO><![CDATA[triPlatformObjectLabelManager]]></BO><Name><![CDATA[\IBM-T 11.1]]></Name><ObjectLabelName><![CDATA[]]></ObjectLabelName><File><![CDATA[ObjectLabel_6f669bf35869003cb4224bbdb58a8a54f52060b0.xml]]></File></OMObject><OMObject Type='1011' IsIgnoreObjectLabelUpdate="1"><Module><![CDATA[triPlatformObjectLabelManager]]></Module><BO><![CDATA[triPlatformObjectLabelManager]]></BO><Name><![CDATA[\IBM-T 11.0]]></Name><ObjectLabelName><![CDATA[]]></ObjectLabelName><File><![CDATA[ObjectLabel_1d1426c1bb721d38219ebec08532ff8d2a14c0b3.xml]]></File></OMObject><OMObject Type='1011' IsIgnoreObjectLabelUpdate="1"><Module><![CDATA[triPlatformObjectLabelManager]]></Module><BO><![CDATA[triPlatformObjectLabelManager]]></BO><Name><![CDATA[\IBM-T 10.8.0]]></Name><ObjectLabelName><![CDATA[]]></ObjectLabelName><File><![CDATA[ObjectLabel_b6429dcf0c49e00fe625d029c7c22d56ed637bfe.xml]]></File></OMObject><OMObject Type='1011' IsIgnoreObjectLabelUpdate="1"><Module><![CDATA[triPlatformObjectLabelManager]]></Module><BO><![CDATA[triPlatformObjectLabelManager]]></BO><Name><![CDATA[\IBM-T 10.7.0]]></Name><ObjectLabelName><![CDATA[]]></ObjectLabelName><File><![CDATA[ObjectLabel_af29db36d66e4df9c2d8319fef5312976c3b1d69.xml]]></File></OMObject><OMObject Type='1011' IsIgnoreObjectLabelUpdate="1"><Module><![CDATA[triPlatformObjectLabelManager]]></Module><BO><![CDATA[triPlatformObjectLabelManager]]></BO><Name><![CDATA[\IBM-T 10.6.1]]></Name><ObjectLabelName><![CDATA[]]></ObjectLabelName><File><![CDATA[ObjectLabel_368edd80660e144337c321f65c7e237a36ef4d71.xml]]></File></OMObject><OMObject Type='1011' IsIgnoreObjectLabelUpdate="1"><Module><![CDATA[triPlatformObjectLabelManager]]></Module><BO><![CDATA[triPlatformObjectLabelManager]]></BO><Name><![CDATA[\IBM-T 10.6.0]]></Name><ObjectLabelName><![CDATA[]]></ObjectLabelName><File><![CDATA[ObjectLabel_4e8f0eda003d794f3518d901cba79c9d71308b88.xml]]></File></OMObject><OMObject Type='1011' IsIgnoreObjectLabelUpdate="1"><Module><![CDATA[triPlatformObjectLabelManager]]></Module><BO><![CDATA[triPlatformObjectLabelManager]]></BO><Name><![CDATA[\IBM-T 10.5.3]]></Name><ObjectLabelName><![CDATA[]]></ObjectLabelName><File><![CDATA[ObjectLabel_96d904233b608ca7e95d09b9dd8851b9b1c01677.xml]]></File></OMObject><OMObject Type='1011' IsIgnoreObjectLabelUpdate="1"><Module><![CDATA[triPlatformObjectLabelManager]]></Module><BO><![CDATA[triPlatformObjectLabelManager]]></BO><Name><![CDATA[\IBM-T 10.5.2]]></Name><ObjectLabelName><![CDATA[]]></ObjectLabelName><File><![CDATA[ObjectLabel_9ab066ead3e69b284ad441992c9c7fa902061517.xml]]></File></OMObject><OMObject Type='1011' IsIgnoreObjectLabelUpdate="1"><Module><![CDATA[triPlatformObjectLabelManager]]></Module><BO><![CDATA[triPlatformObjectLabelManager]]></BO><Name><![CDATA[\IBM-T 10.5.1]]></Name><ObjectLabelName><![CDATA[]]></ObjectLabelName><File><![CDATA[ObjectLabel_b5dbe1930bfa67e86cde7d16b91f7122554f7677.xml]]></File></OMObject></OMObjects>