<?xml version="1.0" encoding="UTF-8"?>
<!-- IBM Confidential OCO Source Materials --><!-- (C) COPYRIGHT IBM CORP. 2011-2025 --><!-- The source code for this program is not published or otherwise divested of its trade secrets, irrespective of what has been deposited with the U.S. Copyright Office. --><BoRecords>     <BoRecord ObjectLabelName="In Progress 0.0" BoId="10032880" RecordId="-1" BoName="triDataSourceMeta" GUIId="10045208" GUIName="triDataSourceMeta" ModuleId="24628" ModuleName="triPlatformMeta" CompanyId="208133" ParentName="" ActionName="" ObjState="triActive" SourceId="145101606">
<BoSectionName NameValue="System Info">
                     <Review___Status>
                         
                     </Review___Status>
                     <Prior___State>
                         
                     </Prior___State>
                     <LocationId>
                         
                     </LocationId>
                     <OrganizationId>
                         
                     </OrganizationId>
                     <GeographyId>
                         
                     </GeographyId>
                     <CreatedBy>
                         144930339
                     </CreatedBy>
                     <ModifiedBy>
                         
                     </ModifiedBy>
                     <CreatedTime>
                         1737983455372
                     </CreatedTime>
                     <ModifiedTime>
                         1737983490860
                     </ModifiedTime>
                     <Type>
                         10032880
                     </Type>
                     <Parent>
                         
                     </Parent>
         </BoSectionName>
<BoSectionName NameValue="General">
                     <triUseSessionBL>
                         FALSE
                     </triUseSessionBL>
                     <triContextSecurityEnabledBL>
                         FALSE
                     </triContextSecurityEnabledBL>
                     <triReadOnlyBL>
                         FALSE
                     </triReadOnlyBL>
                     <triListTypeNameTX>
                         
                     </triListTypeNameTX>
                     <triUomTypeNameTX>
                         
                     </triUomTypeNameTX>
                     <triRecordSnapshotSY>
                         0
                     </triRecordSnapshotSY>
                     <triRecordLabelNameSY>
                         
                     </triRecordLabelNameSY>
                     <triWorkPlannerStartDateField>
                         
                     </triWorkPlannerStartDateField>
                     <triWorkPlannerWorkingHoursField>
                         
                     </triWorkPlannerWorkingHoursField>
                     <triQueryPerModuleLI>
                         
                     </triQueryPerModuleLI>
                     <triControlNumberCN>
                         3481
                     </triControlNumberCN>
                     <triCreatedDateTimeSY>
                         1737983455000
                     </triCreatedDateTimeSY>
                     <triModifiedDateTimeSY>
                         1737983490860
                     </triModifiedDateTimeSY>
                     <triNameTX>
                         Delegate For
                     </triNameTX>
                     <triDsMetaTypeLI>
                         QUERY
                     </triDsMetaTypeLI>
                     <LocationName>
                         \Locations\Property 01\Building-01\Floor-01\Room 100
                     </LocationName>
                     <triRecordIdSY>
                         145101606
                     </triRecordIdSY>
                     <OrgName>
                         
                     </OrgName>
                     <triCreateWorkflowNameTX>
                         
                     </triCreateWorkflowNameTX>
                     <GeographyName>
                         
                     </GeographyName>
                     <triQueryNameTX>
                         triPeople - UX - Room Reservation -  Current User is Delegate For
                     </triQueryNameTX>
                     <triRelatedDataSourceTX>
                         
                     </triRelatedDataSourceTX>
                     <triRelatedDsAssociationNameTX>
                         
                     </triRelatedDsAssociationNameTX>
                     <triRecordPrePopulateBL>
                         FALSE
                     </triRecordPrePopulateBL>
                     <triLegacyFormLI>
                         
                     </triLegacyFormLI>
                     <triModuleLI>
                         triPeople
                     </triModuleLI>
                     <triBOLI>
                         People (triPeople)
                     </triBOLI>
                     <triModelTX>
                         triviteTemplate
                     </triModelTX>
                     <triIdTX>
                         3481
                     </triIdTX>
                     <triDescriptionTX>
                         
                     </triDescriptionTX>
                     <triRecordStateSY>
                         triActive
                     </triRecordStateSY>
                     <triRecordNameSY>
                         triviteTemplate-Delegate For-3481
                     </triRecordNameSY>
                     <triSectionNameTX>
                         
                     </triSectionNameTX>
                     <triExposedNameTX>
                         delegateFor
                     </triExposedNameTX>
                     <triMultipleRecordsBL>
                         TRUE
                     </triMultipleRecordsBL>
         </BoSectionName>
<Associations><Association><Name><![CDATA[Has Data Source Field Metadata]]></Name><TargetModule><![CDATA[triPlatformMeta]]></TargetModule><TargetBo><![CDATA[triDsFieldMeta]]></TargetBo><TargetObjectName><![CDATA[\triviteTemplate-Delegate For-3481-eMail-23161]]></TargetObjectName></Association><Association><Name><![CDATA[Has Data Source Field Metadata]]></Name><TargetModule><![CDATA[triPlatformMeta]]></TargetModule><TargetBo><![CDATA[triDsFieldMeta]]></TargetBo><TargetObjectName><![CDATA[\triviteTemplate-Delegate For-3481-Name-23163]]></TargetObjectName></Association><Association><Name><![CDATA[Has Data Source Field Metadata]]></Name><TargetModule><![CDATA[triPlatformMeta]]></TargetModule><TargetBo><![CDATA[triDsFieldMeta]]></TargetBo><TargetObjectName><![CDATA[\triviteTemplate-Delegate For-3481-Id-23162]]></TargetObjectName></Association><Association><Name><![CDATA[Is Data Source Metadata For]]></Name><TargetModule><![CDATA[triPlatformMeta]]></TargetModule><TargetBo><![CDATA[triDataSourceMeta]]></TargetBo><TargetObjectName><![CDATA[\triviteTemplate-Current User-3479]]></TargetObjectName></Association><Association><Name><![CDATA[Primary Location]]></Name><TargetModule><![CDATA[Location]]></TargetModule><TargetBo><![CDATA[triSpace]]></TargetBo><TargetObjectName><![CDATA[\Locations\Property 01\Building-01\Floor-01\Room 100]]></TargetObjectName></Association></Associations>     </BoRecord>
</BoRecords>
