<?xml version="1.0" encoding="UTF-8"?>
<!-- IBM Confidential OCO Source Materials --><!-- (C) COPYRIGHT IBM CORP. 2011-2025 --><!-- The source code for this program is not published or otherwise divested of its trade secrets, irrespective of what has been deposited with the U.S. Copyright Office. --><BoRecords>     <BoRecord ObjectLabelName="In Progress 0.0" BoId="10032885" RecordId="-1" BoName="triDsFieldMeta" GUIId="10045202" GUIName="triDsFieldMeta" ModuleId="24628" ModuleName="triPlatformMeta" CompanyId="208133" ParentName="" ActionName="" ObjState="triActive" SourceId="145101598">
<BoSectionName NameValue="System Info">
                     <Review___Status>
                         
                     </Review___Status>
                     <Prior___State>
                         
                     </Prior___State>
                     <LocationId>
                         
                     </LocationId>
                     <OrganizationId>
                         
                     </OrganizationId>
                     <GeographyId>
                         
                     </GeographyId>
                     <CreatedBy>
                         144930339
                     </CreatedBy>
                     <ModifiedBy>
                         
                     </ModifiedBy>
                     <CreatedTime>
                         1737983445599
                     </CreatedTime>
                     <ModifiedTime>
                         1737983490510
                     </ModifiedTime>
                     <Type>
                         10032885
                     </Type>
                     <Parent>
                         
                     </Parent>
         </BoSectionName>
<BoSectionName NameValue="General">
                     <sercoListModuleTX>
                         
                     </sercoListModuleTX>
                     <sercoListBoTX>
                         
                     </sercoListBoTX>
                     <sercoListFieldTX>
                         
                     </sercoListFieldTX>
                     <sercoListApiUrlTX>
                         
                     </sercoListApiUrlTX>
                     <triRecordStateSY>
                         triActive
                     </triRecordStateSY>
                     <triRecordNameSY>
                         triviteTemplate-Current User-3479-triAccountCodeEquipmentTX-23158
                     </triRecordNameSY>
                     <triRecordIdSY>
                         145101598
                     </triRecordIdSY>
                     <triModuleLI>
                         
                     </triModuleLI>
                     <triControlNumberCN>
                         23158
                     </triControlNumberCN>
                     <triCreatedDateTimeSY>
                         1737983445000
                     </triCreatedDateTimeSY>
                     <LocationName>
                         \Locations\Property 01\Building-01\Floor-01\Room 100
                     </LocationName>
                     <triModifiedDateTimeSY>
                         1737983490510
                     </triModifiedDateTimeSY>
                     <OrgName>
                         
                     </OrgName>
                     <triNameTX>
                         triAccountCodeEquipmentTX
                     </triNameTX>
                     <GeographyName>
                         
                     </GeographyName>
                     <triFieldNameTX>
                         triAccountCodeEquipmentTX
                     </triFieldNameTX>
                     <triDataSourceTX>
                         triviteTemplate-Current User-3479
                     </triDataSourceTX>
                     <triIdTX>
                         23158
                     </triIdTX>
                     <triBOLI>
                         
                     </triBOLI>
                     <triFieldLI>
                         
                     </triFieldLI>
                     <triSectionLI>
                         
                     </triSectionLI>
                     <triModelTX>
                         triviteTemplate
                     </triModelTX>
                     <triDataTypeLI>
                         STRING
                     </triDataTypeLI>
                     <triExposedNameTX>
                         accountCodeEquipment
                     </triExposedNameTX>
                     <triReadOnlyBL>
                         FALSE
                     </triReadOnlyBL>
                     <triInternalValueBL>
                         FALSE
                     </triInternalValueBL>
                     <triRecordSnapshotSY>
                         0
                     </triRecordSnapshotSY>
                     <triRecordLabelNameSY>
                         
                     </triRecordLabelNameSY>
         </BoSectionName>
<Associations><Association><Name><![CDATA[Is Data Source Field Metadata For]]></Name><TargetModule><![CDATA[triPlatformMeta]]></TargetModule><TargetBo><![CDATA[triDataSourceMeta]]></TargetBo><TargetObjectName><![CDATA[\triviteTemplate-Current User-3479]]></TargetObjectName></Association><Association><Name><![CDATA[Primary Location]]></Name><TargetModule><![CDATA[Location]]></TargetModule><TargetBo><![CDATA[triSpace]]></TargetBo><TargetObjectName><![CDATA[\Locations\Property 01\Building-01\Floor-01\Room 100]]></TargetObjectName></Association></Associations>     </BoRecord>
</BoRecords>
