<?xml version="1.0" encoding="UTF-8"?>
<!-- IBM Confidential OCO Source Materials --><!-- (C) COPYRIGHT IBM CORP. 2011-2025 --><!-- The source code for this program is not published or otherwise divested of its trade secrets, irrespective of what has been deposited with the U.S. Copyright Office. --><BoRecords>     <BoRecord ObjectLabelName="In Progress 0.0" BoId="10032892" RecordId="-1" BoName="triModelMeta" GUIId="10045197" GUIName="triModelMeta" ModuleId="24628" ModuleName="triPlatformMeta" CompanyId="208133" ParentName="" ActionName="" ObjState="triActive" SourceId="145101588">
<BoSectionName NameValue="System Info">
                     <Review___Status>
                         
                     </Review___Status>
                     <Prior___State>
                         triActive
                     </Prior___State>
                     <LocationId>
                         
                     </LocationId>
                     <OrganizationId>
                         
                     </OrganizationId>
                     <GeographyId>
                         
                     </GeographyId>
                     <CreatedBy>
                         144930339
                     </CreatedBy>
                     <ModifiedBy>
                         
                     </ModifiedBy>
                     <CreatedTime>
                         1737983437730
                     </CreatedTime>
                     <ModifiedTime>
                         1737983486310
                     </ModifiedTime>
                     <Type>
                         10032892
                     </Type>
                     <Parent>
                         
                     </Parent>
         </BoSectionName>
<BoSectionName NameValue="General">
                     <triControlNumberCN>
                         377
                     </triControlNumberCN>
                     <triCreatedDateTimeSY>
                         1737983437000
                     </triCreatedDateTimeSY>
                     <triModifiedDateTimeSY>
                         1737983486310
                     </triModifiedDateTimeSY>
                     <triNameTX>
                         triviteTemplate
                     </triNameTX>
                     <triDescriptionTX>
                         
                     </triDescriptionTX>
                     <LocationName>
                         \Locations\Property 01\Building-01\Floor-01\Room 100
                     </LocationName>
                     <triIdTX>
                         triviteTemplate
                     </triIdTX>
                     <OrgName>
                         
                     </OrgName>
                     <triRecordStateSY>
                         triActive
                     </triRecordStateSY>
                     <GeographyName>
                         
                     </GeographyName>
                     <triRecordNameSY>
                         triviteTemplate
                     </triRecordNameSY>
                     <triRecordIdSY>
                         145101588
                     </triRecordIdSY>
                     <triExposedNameTX>
                         triviteTemplate
                     </triExposedNameTX>
                     <triRecordSnapshotSY>
                         1
                     </triRecordSnapshotSY>
                     <triRecordLabelNameSY>
                         In Progress
                     </triRecordLabelNameSY>
                     <triIsDraftModeBL>
                         TRUE
                     </triIsDraftModeBL>
                     <triIsDraftModeYesNoTX>
                         Yes
                     </triIsDraftModeYesNoTX>
         </BoSectionName>
<Associations><Association><Name><![CDATA[Belongs To]]></Name><TargetModule><![CDATA[triPlatformMeta]]></TargetModule><TargetBo><![CDATA[triModelAndViewMeta]]></TargetBo><TargetObjectName><![CDATA[\triviteTemplate]]></TargetObjectName></Association><Association><Name><![CDATA[Has Nonprimary Data Source Metadata]]></Name><TargetModule><![CDATA[triPlatformMeta]]></TargetModule><TargetBo><![CDATA[triDataSourceMeta]]></TargetBo><TargetObjectName><![CDATA[\triviteTemplate-Current User-3479]]></TargetObjectName></Association><Association><Name><![CDATA[Has Nonprimary Data Source Metadata]]></Name><TargetModule><![CDATA[triPlatformMeta]]></TargetModule><TargetBo><![CDATA[triDataSourceMeta]]></TargetBo><TargetObjectName><![CDATA[\triviteTemplate-All Buildings-3484]]></TargetObjectName></Association><Association><Name><![CDATA[Primary Location]]></Name><TargetModule><![CDATA[Location]]></TargetModule><TargetBo><![CDATA[triSpace]]></TargetBo><TargetObjectName><![CDATA[\Locations\Property 01\Building-01\Floor-01\Room 100]]></TargetObjectName></Association></Associations>     </BoRecord>
</BoRecords>
