<?xml version="1.0" encoding="UTF-8"?>
<!-- IBM Confidential OCO Source Materials --><!-- (C) COPYRIGHT IBM CORP. 2011-2025 --><!-- The source code for this program is not published or otherwise divested of its trade secrets, irrespective of what has been deposited with the U.S. Copyright Office. --><Query><Header Scope="0" TagIdentifier="null" Type="1" RandomCnt="0" FixedColCnt="0" ResultSize="10" ColorBy="0" ShowInWebGraphics="0" SumAllForColorBy="0" DScope="0" Editable="0" GraphType="1" DisplayLegend="1" EnableProjectSwitch="0" ChildColumnDisplay="0" SystemFlag="1" TrackHistory="0"><ObjectLabelName><![CDATA[IBM-T 11.2]]></ObjectLabelName><Name><![CDATA[triPeople - UX - Room Reservation -  Current User is Delegate For]]></Name><Module><![CDATA[triPeople]]></Module><BO><![CDATA[triPeople]]></BO><Number><![CDATA[SYSTEM]]></Number><Description><![CDATA[]]></Description><HeaderStr><![CDATA[Current User is Delegate For]]></HeaderStr><PromptBeforeQuery><![CDATA[0]]></PromptBeforeQuery><EnableWrapText><![CDATA[0]]></EnableWrapText><Queued><![CDATA[0]]></Queued><XTitle><![CDATA[]]></XTitle><YTitle><![CDATA[]]></YTitle><RecState><![CDATA[]]></RecState><TabularOutput><![CDATA[0]]></TabularOutput><AssociatedField><![CDATA[]]></AssociatedField><UpdatedBy><![CDATA[Pemberton, Michael - 1000003]]></UpdatedBy><ScorecardTargetOption><![CDATA[0]]></ScorecardTargetOption></Header><BoDataSources><BoDataSource><DSID><![CDATA[1]]></DSID><AssociatedMod><![CDATA[triPeople]]></AssociatedMod><AssociatedBO><![CDATA[My Profile]]></AssociatedBO><ParentDS><![CDATA[0]]></ParentDS><AssocString><![CDATA[Associated To]]></AssocString><PrimaryAssocFlag><![CDATA[1]]></PrimaryAssocFlag></BoDataSource><BoDataSource><DSID><![CDATA[2]]></DSID><AssociatedMod><![CDATA[triPeople]]></AssociatedMod><AssociatedBO><![CDATA[triPeople]]></AssociatedBO><ParentDS><![CDATA[1]]></ParentDS><AssocString><![CDATA[Has Reservation Delegate]]></AssocString><PrimaryAssocFlag><![CDATA[0]]></PrimaryAssocFlag></BoDataSource><BoDataSource><DSID><![CDATA[3]]></DSID><AssociatedMod><![CDATA[triPeople]]></AssociatedMod><AssociatedBO><![CDATA[My Profile]]></AssociatedBO><ParentDS><![CDATA[2]]></ParentDS><AssocString><![CDATA[Associated To]]></AssocString><PrimaryAssocFlag><![CDATA[0]]></PrimaryAssocFlag></BoDataSource></BoDataSources><Bos><BO><Name><![CDATA[triPeople]]></Name><Module><![CDATA[triPeople]]></Module><DSID><![CDATA[0]]></DSID></BO><BO><Name><![CDATA[triPeople]]></Name><Module><![CDATA[triPeople]]></Module><DSID><![CDATA[1]]></DSID></BO><BO><Name><![CDATA[triPeople]]></Name><Module><![CDATA[triPeople]]></Module><DSID><![CDATA[2]]></DSID></BO><BO><Name><![CDATA[triPeople]]></Name><Module><![CDATA[triPeople]]></Module><DSID><![CDATA[3]]></DSID></BO></Bos><Columns><Column Type="1" DType="320" FiltType="0" Seq="0" ConditionalFilter="0" FilterLocalizedData="0"><SecName><![CDATA[Detail]]></SecName><SecondarySecName><![CDATA[]]></SecondarySecName><FldLabel><![CDATA[Name]]></FldLabel><FldName><![CDATA[triNameTX]]></FldName><FiltVAl><![CDATA[]]></FiltVAl><NumOpenParens><![CDATA[0]]></NumOpenParens><NumCloseParens><![CDATA[0]]></NumCloseParens><BooleanOperatorType><![CDATA[0]]></BooleanOperatorType><groupDatesBy><![CDATA[0]]></groupDatesBy><sourceTabularRepName><![CDATA[]]></sourceTabularRepName><LegendColumn><![CDATA[0]]></LegendColumn><defaultFlag><![CDATA[0]]></defaultFlag><DSID><![CDATA[0]]></DSID></Column><Column Type="1" DType="320" FiltType="0" Seq="1" ConditionalFilter="0" FilterLocalizedData="0"><SecName><![CDATA[Detail]]></SecName><SecondarySecName><![CDATA[]]></SecondarySecName><FldLabel><![CDATA[eMail]]></FldLabel><FldName><![CDATA[triEmailTX]]></FldName><FiltVAl><![CDATA[]]></FiltVAl><NumOpenParens><![CDATA[0]]></NumOpenParens><NumCloseParens><![CDATA[0]]></NumCloseParens><BooleanOperatorType><![CDATA[0]]></BooleanOperatorType><groupDatesBy><![CDATA[0]]></groupDatesBy><sourceTabularRepName><![CDATA[]]></sourceTabularRepName><LegendColumn><![CDATA[0]]></LegendColumn><defaultFlag><![CDATA[0]]></defaultFlag><DSID><![CDATA[0]]></DSID></Column><Column Type="1" DType="320" FiltType="0" Seq="2" ConditionalFilter="0" FilterLocalizedData="0"><SecName><![CDATA[Detail]]></SecName><SecondarySecName><![CDATA[]]></SecondarySecName><FldLabel><![CDATA[System Record ID]]></FldLabel><FldName><![CDATA[triRecordIdSY]]></FldName><FiltVAl><![CDATA[]]></FiltVAl><NumOpenParens><![CDATA[0]]></NumOpenParens><NumCloseParens><![CDATA[0]]></NumCloseParens><BooleanOperatorType><![CDATA[0]]></BooleanOperatorType><groupDatesBy><![CDATA[0]]></groupDatesBy><sourceTabularRepName><![CDATA[]]></sourceTabularRepName><LegendColumn><![CDATA[0]]></LegendColumn><defaultFlag><![CDATA[0]]></defaultFlag><DSID><![CDATA[0]]></DSID></Column><Column Type="3" DType="320" FiltType="0" Seq="0" ConditionalFilter="0" FilterLocalizedData="0"><SecName><![CDATA[Detail]]></SecName><SecondarySecName><![CDATA[]]></SecondarySecName><FldLabel><![CDATA[Last Name]]></FldLabel><FldName><![CDATA[triLastNameTX]]></FldName><FiltVAl><![CDATA[]]></FiltVAl><NumOpenParens><![CDATA[0]]></NumOpenParens><NumCloseParens><![CDATA[0]]></NumCloseParens><BooleanOperatorType><![CDATA[0]]></BooleanOperatorType><groupDatesBy><![CDATA[0]]></groupDatesBy><sourceTabularRepName><![CDATA[]]></sourceTabularRepName><LegendColumn><![CDATA[0]]></LegendColumn><defaultFlag><![CDATA[0]]></defaultFlag><DSID><![CDATA[0]]></DSID></Column><Column Type="3" DType="320" FiltType="0" Seq="1" ConditionalFilter="0" FilterLocalizedData="0"><SecName><![CDATA[Detail]]></SecName><SecondarySecName><![CDATA[]]></SecondarySecName><FldLabel><![CDATA[First Name]]></FldLabel><FldName><![CDATA[triFirstNameTX]]></FldName><FiltVAl><![CDATA[]]></FiltVAl><NumOpenParens><![CDATA[0]]></NumOpenParens><NumCloseParens><![CDATA[0]]></NumCloseParens><BooleanOperatorType><![CDATA[0]]></BooleanOperatorType><groupDatesBy><![CDATA[0]]></groupDatesBy><sourceTabularRepName><![CDATA[]]></sourceTabularRepName><LegendColumn><![CDATA[0]]></LegendColumn><defaultFlag><![CDATA[0]]></defaultFlag><DSID><![CDATA[0]]></DSID></Column><Column Type="5" DType="320" FiltType="11" Seq="0" ConditionalFilter="0" FilterLocalizedData="0"><SecName><![CDATA[Detail]]></SecName><SecondarySecName><![CDATA[]]></SecondarySecName><FldLabel><![CDATA[Status]]></FldLabel><FldName><![CDATA[triStatusCL]]></FldName><FiltVAl><![CDATA[Retired]]></FiltVAl><NumOpenParens><![CDATA[0]]></NumOpenParens><NumCloseParens><![CDATA[0]]></NumCloseParens><BooleanOperatorType><![CDATA[0]]></BooleanOperatorType><groupDatesBy><![CDATA[0]]></groupDatesBy><sourceTabularRepName><![CDATA[]]></sourceTabularRepName><LegendColumn><![CDATA[0]]></LegendColumn><defaultFlag><![CDATA[0]]></defaultFlag><DSID><![CDATA[0]]></DSID></Column><Column Type="5" DType="320" FiltType="10" Seq="1" ConditionalFilter="0" FilterLocalizedData="0"><SecName><![CDATA[RecordInformation]]></SecName><SecondarySecName><![CDATA[]]></SecondarySecName><FldLabel><![CDATA[System Record ID]]></FldLabel><FldName><![CDATA[triRecordIdSY]]></FldName><FiltVAl><![CDATA[$$USERID$$]]></FiltVAl><NumOpenParens><![CDATA[0]]></NumOpenParens><NumCloseParens><![CDATA[0]]></NumCloseParens><BooleanOperatorType><![CDATA[0]]></BooleanOperatorType><groupDatesBy><![CDATA[0]]></groupDatesBy><sourceTabularRepName><![CDATA[]]></sourceTabularRepName><LegendColumn><![CDATA[0]]></LegendColumn><defaultFlag><![CDATA[0]]></defaultFlag><DSID><![CDATA[3]]></DSID></Column></Columns></Query>
