<?xml version="1.0" encoding="UTF-8"?>
<!-- IBM Confidential OCO Source Materials --><!-- (C) COPYRIGHT IBM CORP. 2011-2025 --><!-- The source code for this program is not published or otherwise divested of its trade secrets, irrespective of what has been deposited with the U.S. Copyright Office. --><Query><Header Scope="0" TagIdentifier="SYSTEM" Type="1" RandomCnt="0" FixedColCnt="0" ResultSize="0" ColorBy="0" ShowInWebGraphics="1" SumAllForColorBy="0" DScope="0" Editable="0" GraphType="1" DisplayLegend="1" EnableProjectSwitch="0" ChildColumnDisplay="0" SystemFlag="1" TrackHistory="0"><ObjectLabelName><![CDATA[IBM-T 11.2]]></ObjectLabelName><Name><![CDATA[triContactRole - Filter - Reservation Coordinator Contact Roles for Person]]></Name><Module><![CDATA[triIntermediate]]></Module><BO><![CDATA[triContactRole]]></BO><Number><![CDATA[]]></Number><Description><![CDATA[]]></Description><HeaderStr><![CDATA[Reservation Coordinator Contact Roles for Person]]></HeaderStr><PromptBeforeQuery><![CDATA[0]]></PromptBeforeQuery><EnableWrapText><![CDATA[0]]></EnableWrapText><Queued><![CDATA[0]]></Queued><XTitle><![CDATA[]]></XTitle><YTitle><![CDATA[]]></YTitle><RecState><![CDATA[]]></RecState><TabularOutput><![CDATA[0]]></TabularOutput><AssociatedField><![CDATA[]]></AssociatedField><UpdatedBy><![CDATA[Pemberton, Michael - 1000003]]></UpdatedBy><ScorecardTargetOption><![CDATA[0]]></ScorecardTargetOption></Header><Bos><BO><Name><![CDATA[triContactRole]]></Name><Module><![CDATA[triIntermediate]]></Module><DSID><![CDATA[0]]></DSID></BO></Bos><GUIs><GUI><Name><![CDATA[triContactRole]]></Name><Module><![CDATA[triIntermediate]]></Module></GUI></GUIs><Columns><Column Type="1" DType="320" FiltType="0" Seq="0" ConditionalFilter="0" FilterLocalizedData="0"><SecName><![CDATA[triRole]]></SecName><SecondarySecName><![CDATA[]]></SecondarySecName><FldLabel><![CDATA[Role]]></FldLabel><FldName><![CDATA[triNameTX]]></FldName><FiltVAl><![CDATA[]]></FiltVAl><NumOpenParens><![CDATA[0]]></NumOpenParens><NumCloseParens><![CDATA[0]]></NumCloseParens><BooleanOperatorType><![CDATA[0]]></BooleanOperatorType><groupDatesBy><![CDATA[0]]></groupDatesBy><sourceTabularRepName><![CDATA[]]></sourceTabularRepName><LegendColumn><![CDATA[0]]></LegendColumn><defaultFlag><![CDATA[0]]></defaultFlag><DSID><![CDATA[0]]></DSID></Column><Column Type="3" DType="320" FiltType="0" Seq="0" ConditionalFilter="0" FilterLocalizedData="0"><SecName><![CDATA[triRole]]></SecName><SecondarySecName><![CDATA[]]></SecondarySecName><FldLabel><![CDATA[Role]]></FldLabel><FldName><![CDATA[triNameTX]]></FldName><FiltVAl><![CDATA[]]></FiltVAl><NumOpenParens><![CDATA[0]]></NumOpenParens><NumCloseParens><![CDATA[0]]></NumCloseParens><BooleanOperatorType><![CDATA[0]]></BooleanOperatorType><groupDatesBy><![CDATA[0]]></groupDatesBy><sourceTabularRepName><![CDATA[]]></sourceTabularRepName><LegendColumn><![CDATA[0]]></LegendColumn><defaultFlag><![CDATA[0]]></defaultFlag><DSID><![CDATA[0]]></DSID></Column><Column Type="5" DType="320" FiltType="10" Seq="0" ConditionalFilter="0" FilterLocalizedData="0"><SecName><![CDATA[triRole]]></SecName><SecondarySecName><![CDATA[]]></SecondarySecName><FldLabel><![CDATA[Role]]></FldLabel><FldName><![CDATA[triNameTX]]></FldName><FiltVAl><![CDATA[Reservation Coordinator]]></FiltVAl><NumOpenParens><![CDATA[0]]></NumOpenParens><NumCloseParens><![CDATA[0]]></NumCloseParens><BooleanOperatorType><![CDATA[0]]></BooleanOperatorType><groupDatesBy><![CDATA[0]]></groupDatesBy><sourceTabularRepName><![CDATA[]]></sourceTabularRepName><LegendColumn><![CDATA[0]]></LegendColumn><defaultFlag><![CDATA[0]]></defaultFlag><DSID><![CDATA[0]]></DSID></Column></Columns><AssocFilters><AssocFilter RevAssocFlag="0" AssocFlag="0" FiltType="1" Seq="1"><AssocString><![CDATA[Is Contact For]]></AssocString><Module><![CDATA[triPeople]]></Module><BO><![CDATA[triPeople]]></BO><FilterData><![CDATA[triPeople - Filter - People for My Profile Record]]></FilterData><FilterBO><![CDATA[triPeople]]></FilterBO><FilterModule><![CDATA[triPeople]]></FilterModule><IgnoreFilterIfNoResults><![CDATA[0]]></IgnoreFilterIfNoResults></AssocFilter></AssocFilters></Query>
