<?xml version="1.0" encoding="UTF-8"?>
<!-- IBM Confidential OCO Source Materials --><!-- (C) COPYRIGHT IBM CORP. 2011-2025 --><!-- The source code for this program is not published or otherwise divested of its trade secrets, irrespective of what has been deposited with the U.S. Copyright Office. --><Query><Header Scope="0" TagIdentifier="null" Type="1" RandomCnt="0" FixedColCnt="0" ResultSize="0" ColorBy="0" ShowInWebGraphics="0" SumAllForColorBy="0" DScope="0" Editable="0" GraphType="1" DisplayLegend="1" EnableProjectSwitch="0" ChildColumnDisplay="0" SystemFlag="1" TrackHistory="0"><ObjectLabelName><![CDATA[IBM-T 11.2]]></ObjectLabelName><Name><![CDATA[triSpace - UX - Room Reservation - My Private Spaces]]></Name><Module><![CDATA[Location]]></Module><BO><![CDATA[triSpace]]></BO><Number><![CDATA[SYSTEM]]></Number><Description><![CDATA[]]></Description><HeaderStr><![CDATA[My Private Spaces]]></HeaderStr><PromptBeforeQuery><![CDATA[0]]></PromptBeforeQuery><EnableWrapText><![CDATA[0]]></EnableWrapText><Queued><![CDATA[0]]></Queued><XTitle><![CDATA[]]></XTitle><YTitle><![CDATA[]]></YTitle><RecState><![CDATA[]]></RecState><TabularOutput><![CDATA[0]]></TabularOutput><AssociatedField><![CDATA[]]></AssociatedField><UpdatedBy><![CDATA[System, System]]></UpdatedBy><ScorecardTargetOption><![CDATA[0]]></ScorecardTargetOption></Header><Bos><BO><Name><![CDATA[triSpace]]></Name><Module><![CDATA[Location]]></Module><DSID><![CDATA[0]]></DSID></BO></Bos><Columns><Column Type="1" DType="320" FiltType="0" Seq="0" ConditionalFilter="0" FilterLocalizedData="0"><SecName><![CDATA[RecordInformation]]></SecName><SecondarySecName><![CDATA[]]></SecondarySecName><FldLabel><![CDATA[Name]]></FldLabel><FldName><![CDATA[triNameTX]]></FldName><FiltVAl><![CDATA[]]></FiltVAl><NumOpenParens><![CDATA[0]]></NumOpenParens><NumCloseParens><![CDATA[0]]></NumCloseParens><BooleanOperatorType><![CDATA[0]]></BooleanOperatorType><groupDatesBy><![CDATA[0]]></groupDatesBy><sourceTabularRepName><![CDATA[]]></sourceTabularRepName><LegendColumn><![CDATA[0]]></LegendColumn><defaultFlag><![CDATA[0]]></defaultFlag><DSID><![CDATA[0]]></DSID></Column><Column Type="5" DType="320" FiltType="16" Seq="0" ConditionalFilter="0" FilterLocalizedData="0"><SecName><![CDATA[triReservationClass]]></SecName><SecondarySecName><![CDATA[]]></SecondarySecName><FldLabel><![CDATA[Type]]></FldLabel><FldName><![CDATA[triNameTX]]></FldName><FiltVAl><![CDATA[$$RUNTIME$$]]></FiltVAl><NumOpenParens><![CDATA[0]]></NumOpenParens><NumCloseParens><![CDATA[0]]></NumCloseParens><BooleanOperatorType><![CDATA[0]]></BooleanOperatorType><groupDatesBy><![CDATA[0]]></groupDatesBy><sourceTabularRepName><![CDATA[]]></sourceTabularRepName><LegendColumn><![CDATA[0]]></LegendColumn><defaultFlag><![CDATA[0]]></defaultFlag><DSID><![CDATA[0]]></DSID></Column><Column Type="5" DType="320" FiltType="16" Seq="1" ConditionalFilter="0" FilterLocalizedData="0"><SecName><![CDATA[RecordInformation]]></SecName><SecondarySecName><![CDATA[]]></SecondarySecName><FldLabel><![CDATA[Calendar]]></FldLabel><FldName><![CDATA[triTimeZonesCL]]></FldName><FiltVAl><![CDATA[$$RUNTIME$$]]></FiltVAl><NumOpenParens><![CDATA[0]]></NumOpenParens><NumCloseParens><![CDATA[0]]></NumCloseParens><BooleanOperatorType><![CDATA[0]]></BooleanOperatorType><groupDatesBy><![CDATA[0]]></groupDatesBy><sourceTabularRepName><![CDATA[]]></sourceTabularRepName><LegendColumn><![CDATA[0]]></LegendColumn><defaultFlag><![CDATA[0]]></defaultFlag><DSID><![CDATA[0]]></DSID></Column><Column Type="5" DType="320" FiltType="16" Seq="2" ConditionalFilter="0" FilterLocalizedData="0"><SecName><![CDATA[RecordInformation]]></SecName><SecondarySecName><![CDATA[]]></SecondarySecName><FldLabel><![CDATA[Reserve Name]]></FldLabel><FldName><![CDATA[triReserveNameTX]]></FldName><FiltVAl><![CDATA[$$RUNTIME$$]]></FiltVAl><NumOpenParens><![CDATA[0]]></NumOpenParens><NumCloseParens><![CDATA[0]]></NumCloseParens><BooleanOperatorType><![CDATA[0]]></BooleanOperatorType><groupDatesBy><![CDATA[0]]></groupDatesBy><sourceTabularRepName><![CDATA[]]></sourceTabularRepName><LegendColumn><![CDATA[0]]></LegendColumn><defaultFlag><![CDATA[0]]></defaultFlag><DSID><![CDATA[0]]></DSID></Column><Column Type="5" DType="320" FiltType="16" Seq="3" ConditionalFilter="0" FilterLocalizedData="0"><SecName><![CDATA[RecordInformation]]></SecName><SecondarySecName><![CDATA[]]></SecondarySecName><FldLabel><![CDATA[Building]]></FldLabel><FldName><![CDATA[triParentBuildingTX]]></FldName><FiltVAl><![CDATA[$$RUNTIME$$]]></FiltVAl><NumOpenParens><![CDATA[0]]></NumOpenParens><NumCloseParens><![CDATA[0]]></NumCloseParens><BooleanOperatorType><![CDATA[0]]></BooleanOperatorType><groupDatesBy><![CDATA[0]]></groupDatesBy><sourceTabularRepName><![CDATA[]]></sourceTabularRepName><LegendColumn><![CDATA[0]]></LegendColumn><defaultFlag><![CDATA[0]]></defaultFlag><DSID><![CDATA[0]]></DSID></Column><Column Type="5" DType="320" FiltType="16" Seq="4" ConditionalFilter="0" FilterLocalizedData="0"><SecName><![CDATA[RecordInformation]]></SecName><SecondarySecName><![CDATA[]]></SecondarySecName><FldLabel><![CDATA[Floor]]></FldLabel><FldName><![CDATA[triParentFloorTX]]></FldName><FiltVAl><![CDATA[$$RUNTIME$$]]></FiltVAl><NumOpenParens><![CDATA[0]]></NumOpenParens><NumCloseParens><![CDATA[0]]></NumCloseParens><BooleanOperatorType><![CDATA[0]]></BooleanOperatorType><groupDatesBy><![CDATA[0]]></groupDatesBy><sourceTabularRepName><![CDATA[]]></sourceTabularRepName><LegendColumn><![CDATA[0]]></LegendColumn><defaultFlag><![CDATA[0]]></defaultFlag><DSID><![CDATA[0]]></DSID></Column><Column Type="5" DType="310" FiltType="15" Seq="5" ConditionalFilter="0" FilterLocalizedData="0"><SecName><![CDATA[RecordInformation]]></SecName><SecondarySecName><![CDATA[]]></SecondarySecName><FldLabel><![CDATA[Capacity]]></FldLabel><FldName><![CDATA[triCapacityNU]]></FldName><FiltVAl><![CDATA[$$RUNTIME$$]]></FiltVAl><NumOpenParens><![CDATA[0]]></NumOpenParens><NumCloseParens><![CDATA[0]]></NumCloseParens><BooleanOperatorType><![CDATA[0]]></BooleanOperatorType><groupDatesBy><![CDATA[0]]></groupDatesBy><sourceTabularRepName><![CDATA[]]></sourceTabularRepName><LegendColumn><![CDATA[0]]></LegendColumn><defaultFlag><![CDATA[0]]></defaultFlag><DSID><![CDATA[0]]></DSID></Column><Column Type="5" DType="320" FiltType="16" Seq="6" ConditionalFilter="0" FilterLocalizedData="0"><SecName><![CDATA[RecordInformation]]></SecName><SecondarySecName><![CDATA[]]></SecondarySecName><FldLabel><![CDATA[Default Layout]]></FldLabel><FldName><![CDATA[triSLOLayoutTypeLI]]></FldName><FiltVAl><![CDATA[$$RUNTIME$$]]></FiltVAl><NumOpenParens><![CDATA[0]]></NumOpenParens><NumCloseParens><![CDATA[0]]></NumCloseParens><BooleanOperatorType><![CDATA[0]]></BooleanOperatorType><groupDatesBy><![CDATA[0]]></groupDatesBy><sourceTabularRepName><![CDATA[]]></sourceTabularRepName><LegendColumn><![CDATA[0]]></LegendColumn><defaultFlag><![CDATA[0]]></defaultFlag><DSID><![CDATA[0]]></DSID></Column><Column Type="5" DType="320" FiltType="10" Seq="7" ConditionalFilter="0" FilterLocalizedData="0"><SecName><![CDATA[RecordInformation]]></SecName><SecondarySecName><![CDATA[]]></SecondarySecName><FldLabel><![CDATA[Reserve Meeting Space]]></FldLabel><FldName><![CDATA[triReserveMeetingSpaceBL]]></FldName><FiltVAl><![CDATA[TRUE]]></FiltVAl><NumOpenParens><![CDATA[0]]></NumOpenParens><NumCloseParens><![CDATA[0]]></NumCloseParens><BooleanOperatorType><![CDATA[0]]></BooleanOperatorType><groupDatesBy><![CDATA[0]]></groupDatesBy><sourceTabularRepName><![CDATA[]]></sourceTabularRepName><LegendColumn><![CDATA[0]]></LegendColumn><defaultFlag><![CDATA[0]]></defaultFlag><DSID><![CDATA[0]]></DSID></Column><Column Type="5" DType="320" FiltType="10" Seq="8" ConditionalFilter="0" FilterLocalizedData="0"><SecName><![CDATA[RecordInformation]]></SecName><SecondarySecName><![CDATA[]]></SecondarySecName><FldLabel><![CDATA[Reservable]]></FldLabel><FldName><![CDATA[SysReserveFlag]]></FldName><FiltVAl><![CDATA[TRUE]]></FiltVAl><NumOpenParens><![CDATA[0]]></NumOpenParens><NumCloseParens><![CDATA[0]]></NumCloseParens><BooleanOperatorType><![CDATA[0]]></BooleanOperatorType><groupDatesBy><![CDATA[0]]></groupDatesBy><sourceTabularRepName><![CDATA[]]></sourceTabularRepName><LegendColumn><![CDATA[0]]></LegendColumn><defaultFlag><![CDATA[0]]></defaultFlag><DSID><![CDATA[0]]></DSID></Column></Columns><AssocFilters><AssocFilter RevAssocFlag="0" AssocFlag="0" FiltType="1" Seq="1"><AssocString><![CDATA[Is Contact with Role]]></AssocString><Module><![CDATA[triIntermediate]]></Module><BO><![CDATA[triContactRole]]></BO><FilterData><![CDATA[triContactRole - Filter - Reservation Coordinator Contact Roles for Person]]></FilterData><FilterBO><![CDATA[triContactRole]]></FilterBO><FilterModule><![CDATA[triIntermediate]]></FilterModule><IgnoreFilterIfNoResults><![CDATA[0]]></IgnoreFilterIfNoResults></AssocFilter></AssocFilters></Query>
