<?xml version="1.0" encoding="UTF-8"?>
<!-- IBM Confidential OCO Source Materials --><!-- (C) COPYRIGHT IBM CORP. 2011-2025 --><!-- The source code for this program is not published or otherwise divested of its trade secrets, irrespective of what has been deposited with the U.S. Copyright Office. --><BoRecords>     <BoRecord ObjectLabelName="In Progress 0.0" BoId="10032888" RecordId="-1" BoName="triWebViewMeta" GUIId="10045199" GUIName="triWebViewMeta" ModuleId="24628" ModuleName="triPlatformMeta" CompanyId="208133" ParentName="" ActionName="" ObjState="triActive" SourceId="145101630">
<BoSectionName NameValue="System Info">
                     <Review___Status>
                         
                     </Review___Status>
                     <Prior___State>
                         triActive
                     </Prior___State>
                     <LocationId>
                         
                     </LocationId>
                     <OrganizationId>
                         
                     </OrganizationId>
                     <GeographyId>
                         
                     </GeographyId>
                     <CreatedBy>
                         144930339
                     </CreatedBy>
                     <ModifiedBy>
                         
                     </ModifiedBy>
                     <CreatedTime>
                         1737983546715
                     </CreatedTime>
                     <ModifiedTime>
                         1738085082880
                     </ModifiedTime>
                     <Type>
                         10032888
                     </Type>
                     <Parent>
                         
                     </Parent>
         </BoSectionName>
<BoSectionName NameValue="General">
                     <triProdLoginFilenameTX>
                         
                     </triProdLoginFilenameTX>
                     <triJavascriptVersionLI>
                         
                     </triJavascriptVersionLI>
                     <triCustomAppRootFolderTX>
                         build
                     </triCustomAppRootFolderTX>
                     <triCustomAppIndexFilenameTX>
                         index.html
                     </triCustomAppIndexFilenameTX>
                     <triCustomAppMessagesFolderTX>
                         /src/utils/messages
                     </triCustomAppMessagesFolderTX>
                     <triControlNumberCN>
                         621
                     </triControlNumberCN>
                     <triCreatedDateTimeSY>
                         1737983546000
                     </triCreatedDateTimeSY>
                     <triModifiedDateTimeSY>
                         1738085082880
                     </triModifiedDateTimeSY>
                     <triNameTX>
                         triviteTemplate
                     </triNameTX>
                     <triIdTX>
                         triviteTemplate
                     </triIdTX>
                     <LocationName>
                         \Locations\Property 01\Building-01\Floor-01\Room 100
                     </LocationName>
                     <triDescriptionTX>
                         
                     </triDescriptionTX>
                     <OrgName>
                         
                     </OrgName>
                     <triRecordStateSY>
                         triActive
                     </triRecordStateSY>
                     <GeographyName>
                         
                     </GeographyName>
                     <triRecordNameSY>
                         triviteTemplate-triviteTemplate
                     </triRecordNameSY>
                     <triRecordIdSY>
                         145101630
                     </triRecordIdSY>
                     <triLabelTX>
                         
                     </triLabelTX>
                     <triExposedNameTX>
                         trivite-template
                     </triExposedNameTX>
                     <triComponentTypeLI>
                         WEB_APP
                     </triComponentTypeLI>
                     <triRecordSnapshotSY>
                         1
                     </triRecordSnapshotSY>
                     <triRecordLabelNameSY>
                         In Progress
                     </triRecordLabelNameSY>
                     <triRootComponentNameTX>
                         
                     </triRootComponentNameTX>
                     <triDevFilenameTX>
                         
                     </triDevFilenameTX>
                     <triProdFilenameTX>
                         
                     </triProdFilenameTX>
                     <triIsDraftModeBL>
                         TRUE
                     </triIsDraftModeBL>
                     <triIsDraftModeYesNoTX>
                         Yes
                     </triIsDraftModeYesNoTX>
                     <triPolymerVersionLI>
                         
                     </triPolymerVersionLI>
                     <triLoginComponentNameTX>
                         
                     </triLoginComponentNameTX>
                     <triDevLoginFilenameTX>
                         
                     </triDevLoginFilenameTX>
         </BoSectionName>
<Associations><Association><Name><![CDATA[Belongs To]]></Name><TargetModule><![CDATA[triPlatformMeta]]></TargetModule><TargetBo><![CDATA[triModelAndViewMeta]]></TargetBo><TargetObjectName><![CDATA[\triviteTemplate]]></TargetObjectName></Association><Association><Name><![CDATA[Has Deleted View File]]></Name><TargetModule><![CDATA[triPlatformMeta]]></TargetModule><TargetBo><![CDATA[triWebViewFileMeta]]></TargetBo><TargetObjectName><![CDATA[\favicon.svg-42540]]></TargetObjectName></Association><Association><Name><![CDATA[Has Deleted View File]]></Name><TargetModule><![CDATA[triPlatformMeta]]></TargetModule><TargetBo><![CDATA[triWebViewFileMeta]]></TargetBo><TargetObjectName><![CDATA[\Tririga-Logo-192x192.png-42541]]></TargetObjectName></Association><Association><Name><![CDATA[Has Deleted View File]]></Name><TargetModule><![CDATA[triPlatformMeta]]></TargetModule><TargetBo><![CDATA[triWebViewFileMeta]]></TargetBo><TargetObjectName><![CDATA[\Tririga-Logo-512x512.png-42539]]></TargetObjectName></Association><Association><Name><![CDATA[Has Deleted View File]]></Name><TargetModule><![CDATA[triPlatformMeta]]></TargetModule><TargetBo><![CDATA[triWebViewFileMeta]]></TargetBo><TargetObjectName><![CDATA[\ShowAppMessages.js-42543]]></TargetObjectName></Association><Association><Name><![CDATA[Has Deleted View File]]></Name><TargetModule><![CDATA[triPlatformMeta]]></TargetModule><TargetBo><![CDATA[triWebViewFileMeta]]></TargetBo><TargetObjectName><![CDATA[\TririgaUXWebApp.js-42545]]></TargetObjectName></Association><Association><Name><![CDATA[Has Deleted View File]]></Name><TargetModule><![CDATA[triPlatformMeta]]></TargetModule><TargetBo><![CDATA[triWebViewFileMeta]]></TargetBo><TargetObjectName><![CDATA[\UnauthorizedPage.js-42563]]></TargetObjectName></Association><Association><Name><![CDATA[Has Deleted View File]]></Name><TargetModule><![CDATA[triPlatformMeta]]></TargetModule><TargetBo><![CDATA[triWebViewFileMeta]]></TargetBo><TargetObjectName><![CDATA[\_AuthorizedPage.scss-42565]]></TargetObjectName></Association><Association><Name><![CDATA[Has Deleted View File]]></Name><TargetModule><![CDATA[triPlatformMeta]]></TargetModule><TargetBo><![CDATA[triWebViewFileMeta]]></TargetBo><TargetObjectName><![CDATA[\package-lock.json-42530]]></TargetObjectName></Association><Association><Name><![CDATA[Has Deleted View File]]></Name><TargetModule><![CDATA[triPlatformMeta]]></TargetModule><TargetBo><![CDATA[triWebViewFileMeta]]></TargetBo><TargetObjectName><![CDATA[\package.json-42532]]></TargetObjectName></Association><Association><Name><![CDATA[Has Deleted View File]]></Name><TargetModule><![CDATA[triPlatformMeta]]></TargetModule><TargetBo><![CDATA[triWebViewFileMeta]]></TargetBo><TargetObjectName><![CDATA[\CurrentUserServices.js-42568]]></TargetObjectName></Association><Association><Name><![CDATA[Has Deleted View File]]></Name><TargetModule><![CDATA[triPlatformMeta]]></TargetModule><TargetBo><![CDATA[triWebViewFileMeta]]></TargetBo><TargetObjectName><![CDATA[\_Pages.scss-42566]]></TargetObjectName></Association><Association><Name><![CDATA[Has Deleted View File]]></Name><TargetModule><![CDATA[triPlatformMeta]]></TargetModule><TargetBo><![CDATA[triWebViewFileMeta]]></TargetBo><TargetObjectName><![CDATA[\index.js-42567]]></TargetObjectName></Association><Association><Name><![CDATA[Has Deleted View File]]></Name><TargetModule><![CDATA[triPlatformMeta]]></TargetModule><TargetBo><![CDATA[triWebViewFileMeta]]></TargetBo><TargetObjectName><![CDATA[\MessageServices.js-42569]]></TargetObjectName></Association><Association><Name><![CDATA[Has Deleted View File]]></Name><TargetModule><![CDATA[triPlatformMeta]]></TargetModule><TargetBo><![CDATA[triWebViewFileMeta]]></TargetBo><TargetObjectName><![CDATA[\LoadingServices.js-42571]]></TargetObjectName></Association><Association><Name><![CDATA[Has Deleted View File]]></Name><TargetModule><![CDATA[triPlatformMeta]]></TargetModule><TargetBo><![CDATA[triWebViewFileMeta]]></TargetBo><TargetObjectName><![CDATA[\FooterButtons.js-42570]]></TargetObjectName></Association><Association><Name><![CDATA[Has Deleted View File]]></Name><TargetModule><![CDATA[triPlatformMeta]]></TargetModule><TargetBo><![CDATA[triWebViewFileMeta]]></TargetBo><TargetObjectName><![CDATA[\_Components.scss-42572]]></TargetObjectName></Association><Association><Name><![CDATA[Has Deleted View File]]></Name><TargetModule><![CDATA[triPlatformMeta]]></TargetModule><TargetBo><![CDATA[triWebViewFileMeta]]></TargetBo><TargetObjectName><![CDATA[\.env.development.local.template-42580]]></TargetObjectName></Association><Association><Name><![CDATA[Has Deleted View File]]></Name><TargetModule><![CDATA[triPlatformMeta]]></TargetModule><TargetBo><![CDATA[triWebViewFileMeta]]></TargetBo><TargetObjectName><![CDATA[\.prettierrc.json-42578]]></TargetObjectName></Association><Association><Name><![CDATA[Has Deleted View File]]></Name><TargetModule><![CDATA[triPlatformMeta]]></TargetModule><TargetBo><![CDATA[triWebViewFileMeta]]></TargetBo><TargetObjectName><![CDATA[\Gear-0.2s-100px.gif-42583]]></TargetObjectName></Association><Association><Name><![CDATA[Has Deleted View File]]></Name><TargetModule><![CDATA[triPlatformMeta]]></TargetModule><TargetBo><![CDATA[triWebViewFileMeta]]></TargetBo><TargetObjectName><![CDATA[\favicon.svg-42585]]></TargetObjectName></Association><Association><Name><![CDATA[Has Deleted View File]]></Name><TargetModule><![CDATA[triPlatformMeta]]></TargetModule><TargetBo><![CDATA[triWebViewFileMeta]]></TargetBo><TargetObjectName><![CDATA[\IBMPlexSans-LightItalic-Cyrillic.3028d912b8189a439418.woff2-42589]]></TargetObjectName></Association><Association><Name><![CDATA[Has Deleted View File]]></Name><TargetModule><![CDATA[triPlatformMeta]]></TargetModule><TargetBo><![CDATA[triWebViewFileMeta]]></TargetBo><TargetObjectName><![CDATA[\IBMPlexSans-Light-Latin1.bfefc1c5dd4c689b4f0f.woff2-42587]]></TargetObjectName></Association><Association><Name><![CDATA[Has Deleted View File]]></Name><TargetModule><![CDATA[triPlatformMeta]]></TargetModule><TargetBo><![CDATA[triWebViewFileMeta]]></TargetBo><TargetObjectName><![CDATA[\IBMPlexSans-Light-Latin2.d69d5111a1f16e74d2fb.woff2-42588]]></TargetObjectName></Association><Association><Name><![CDATA[Has Deleted View File]]></Name><TargetModule><![CDATA[triPlatformMeta]]></TargetModule><TargetBo><![CDATA[triWebViewFileMeta]]></TargetBo><TargetObjectName><![CDATA[\IBMPlexSans-LightItalic-Latin3.c89e876b0e1fd2a0c661.woff2-42592]]></TargetObjectName></Association><Association><Name><![CDATA[Has Deleted View File]]></Name><TargetModule><![CDATA[triPlatformMeta]]></TargetModule><TargetBo><![CDATA[triWebViewFileMeta]]></TargetBo><TargetObjectName><![CDATA[\IBMPlexSans-LightItalic-Pi.4f746f1bbc05d6e9497f.woff2-42591]]></TargetObjectName></Association><Association><Name><![CDATA[Has Deleted View File]]></Name><TargetModule><![CDATA[triPlatformMeta]]></TargetModule><TargetBo><![CDATA[triWebViewFileMeta]]></TargetBo><TargetObjectName><![CDATA[\IBMPlexSans-LightItalic-Latin2.eb36767a3caa8dfc71e8.woff2-42590]]></TargetObjectName></Association><Association><Name><![CDATA[Has Deleted View File]]></Name><TargetModule><![CDATA[triPlatformMeta]]></TargetModule><TargetBo><![CDATA[triWebViewFileMeta]]></TargetBo><TargetObjectName><![CDATA[\IBMPlexSans-Light-Cyrillic.4c3ed2a3f44451a96594.woff2-42595]]></TargetObjectName></Association><Association><Name><![CDATA[Has Deleted View File]]></Name><TargetModule><![CDATA[triPlatformMeta]]></TargetModule><TargetBo><![CDATA[triWebViewFileMeta]]></TargetBo><TargetObjectName><![CDATA[\IBMPlexSans-LightItalic-Latin1.bb730844c9185c864437.woff2-42593]]></TargetObjectName></Association><Association><Name><![CDATA[Has Deleted View File]]></Name><TargetModule><![CDATA[triPlatformMeta]]></TargetModule><TargetBo><![CDATA[triWebViewFileMeta]]></TargetBo><TargetObjectName><![CDATA[\IBMPlexSans-Regular-Cyrillic.022d7839fbf0b01f1279.woff2-42594]]></TargetObjectName></Association><Association><Name><![CDATA[Has Deleted View File]]></Name><TargetModule><![CDATA[triPlatformMeta]]></TargetModule><TargetBo><![CDATA[triWebViewFileMeta]]></TargetBo><TargetObjectName><![CDATA[\IBMPlexSans-Light-Pi.6bdf3ec568a6634a4aea.woff2-42596]]></TargetObjectName></Association><Association><Name><![CDATA[Has Deleted View File]]></Name><TargetModule><![CDATA[triPlatformMeta]]></TargetModule><TargetBo><![CDATA[triWebViewFileMeta]]></TargetBo><TargetObjectName><![CDATA[\IBMPlexSans-Regular-Latin3.42c5469340604f5e79d5.woff2-42598]]></TargetObjectName></Association><Association><Name><![CDATA[Has Deleted View File]]></Name><TargetModule><![CDATA[triPlatformMeta]]></TargetModule><TargetBo><![CDATA[triWebViewFileMeta]]></TargetBo><TargetObjectName><![CDATA[\IBMPlexSans-Regular-Pi.957995d81ad3284f963f.woff2-42597]]></TargetObjectName></Association><Association><Name><![CDATA[Has Deleted View File]]></Name><TargetModule><![CDATA[triPlatformMeta]]></TargetModule><TargetBo><![CDATA[triWebViewFileMeta]]></TargetBo><TargetObjectName><![CDATA[\IBMPlexSans-Italic-Cyrillic.c781dd3e68cf4db696e2.woff2-42600]]></TargetObjectName></Association><Association><Name><![CDATA[Has Deleted View File]]></Name><TargetModule><![CDATA[triPlatformMeta]]></TargetModule><TargetBo><![CDATA[triWebViewFileMeta]]></TargetBo><TargetObjectName><![CDATA[\IBMPlexSans-Regular-Latin2.c26797e2920f701bf68f.woff2-42599]]></TargetObjectName></Association><Association><Name><![CDATA[Has Deleted View File]]></Name><TargetModule><![CDATA[triPlatformMeta]]></TargetModule><TargetBo><![CDATA[triWebViewFileMeta]]></TargetBo><TargetObjectName><![CDATA[\IBMPlexSans-Regular-Latin1.cf8cdfc9a1ead9d332f5.woff2-42601]]></TargetObjectName></Association><Association><Name><![CDATA[Has Deleted View File]]></Name><TargetModule><![CDATA[triPlatformMeta]]></TargetModule><TargetBo><![CDATA[triWebViewFileMeta]]></TargetBo><TargetObjectName><![CDATA[\IBMPlexSans-Italic-Pi.c8cf918de7d9deffd15c.woff2-42604]]></TargetObjectName></Association><Association><Name><![CDATA[Has Deleted View File]]></Name><TargetModule><![CDATA[triPlatformMeta]]></TargetModule><TargetBo><![CDATA[triWebViewFileMeta]]></TargetBo><TargetObjectName><![CDATA[\IBMPlexSans-SemiBoldItalic-Cyrillic.6557a3c33c4218db6066.woff2-42611]]></TargetObjectName></Association><Association><Name><![CDATA[Has Deleted View File]]></Name><TargetModule><![CDATA[triPlatformMeta]]></TargetModule><TargetBo><![CDATA[triWebViewFileMeta]]></TargetBo><TargetObjectName><![CDATA[\IBMPlexSans-SemiBoldItalic-Latin3.5e1440da12d78046c31a.woff2-42614]]></TargetObjectName></Association><Association><Name><![CDATA[Has Deleted View File]]></Name><TargetModule><![CDATA[triPlatformMeta]]></TargetModule><TargetBo><![CDATA[triWebViewFileMeta]]></TargetBo><TargetObjectName><![CDATA[\IBMPlexSans-SemiBoldItalic-Latin1.160c450b41a6dfc1bebe.woff2-42615]]></TargetObjectName></Association><Association><Name><![CDATA[Has Deleted View File]]></Name><TargetModule><![CDATA[triPlatformMeta]]></TargetModule><TargetBo><![CDATA[triWebViewFileMeta]]></TargetBo><TargetObjectName><![CDATA[\IBMPlexMono-Light-Cyrillic.404c0909c893f95ee0dc.woff2-42616]]></TargetObjectName></Association><Association><Name><![CDATA[Has Deleted View File]]></Name><TargetModule><![CDATA[triPlatformMeta]]></TargetModule><TargetBo><![CDATA[triWebViewFileMeta]]></TargetBo><TargetObjectName><![CDATA[\IBMPlexMono-Light-Latin1.62fd670eebf4976bb6df.woff2-42617]]></TargetObjectName></Association><Association><Name><![CDATA[Has Deleted View File]]></Name><TargetModule><![CDATA[triPlatformMeta]]></TargetModule><TargetBo><![CDATA[triWebViewFileMeta]]></TargetBo><TargetObjectName><![CDATA[\IBMPlexMono-Light-Latin3.8a014da16bb5df1e9830.woff2-42619]]></TargetObjectName></Association><Association><Name><![CDATA[Has Deleted View File]]></Name><TargetModule><![CDATA[triPlatformMeta]]></TargetModule><TargetBo><![CDATA[triWebViewFileMeta]]></TargetBo><TargetObjectName><![CDATA[\IBMPlexMono-Light-Pi.6dc1395379557355e28d.woff2-42618]]></TargetObjectName></Association><Association><Name><![CDATA[Has Deleted View File]]></Name><TargetModule><![CDATA[triPlatformMeta]]></TargetModule><TargetBo><![CDATA[triWebViewFileMeta]]></TargetBo><TargetObjectName><![CDATA[\IBMPlexMono-LightItalic-Cyrillic.02e1d2dbd3774a8f5658.woff2-42622]]></TargetObjectName></Association><Association><Name><![CDATA[Has Deleted View File]]></Name><TargetModule><![CDATA[triPlatformMeta]]></TargetModule><TargetBo><![CDATA[triWebViewFileMeta]]></TargetBo><TargetObjectName><![CDATA[\IBMPlexMono-LightItalic-Pi.422493740da495c4413f.woff2-42620]]></TargetObjectName></Association><Association><Name><![CDATA[Has Deleted View File]]></Name><TargetModule><![CDATA[triPlatformMeta]]></TargetModule><TargetBo><![CDATA[triWebViewFileMeta]]></TargetBo><TargetObjectName><![CDATA[\IBMPlexMono-Light-Latin2.68c556c669c532459374.woff2-42621]]></TargetObjectName></Association><Association><Name><![CDATA[Has Deleted View File]]></Name><TargetModule><![CDATA[triPlatformMeta]]></TargetModule><TargetBo><![CDATA[triWebViewFileMeta]]></TargetBo><TargetObjectName><![CDATA[\IBMPlexMono-LightItalic-Latin3.9022078be982e16dc192.woff2-42625]]></TargetObjectName></Association><Association><Name><![CDATA[Has Deleted View File]]></Name><TargetModule><![CDATA[triPlatformMeta]]></TargetModule><TargetBo><![CDATA[triWebViewFileMeta]]></TargetBo><TargetObjectName><![CDATA[\IBMPlexMono-LightItalic-Latin2.c6dd22ce106021638df7.woff2-42624]]></TargetObjectName></Association><Association><Name><![CDATA[Has Deleted View File]]></Name><TargetModule><![CDATA[triPlatformMeta]]></TargetModule><TargetBo><![CDATA[triWebViewFileMeta]]></TargetBo><TargetObjectName><![CDATA[\IBMPlexMono-LightItalic-Latin1.95b38dc2556a6c46dc6c.woff2-42623]]></TargetObjectName></Association><Association><Name><![CDATA[Has Deleted View File]]></Name><TargetModule><![CDATA[triPlatformMeta]]></TargetModule><TargetBo><![CDATA[triWebViewFileMeta]]></TargetBo><TargetObjectName><![CDATA[\IBMPlexMono-Regular-Cyrillic.6956fe0f5e625049f7e2.woff2-42626]]></TargetObjectName></Association><Association><Name><![CDATA[Has Deleted View File]]></Name><TargetModule><![CDATA[triPlatformMeta]]></TargetModule><TargetBo><![CDATA[triWebViewFileMeta]]></TargetBo><TargetObjectName><![CDATA[\IBMPlexMono-Regular-Pi.987d18f198bd7d9fa265.woff2-42628]]></TargetObjectName></Association><Association><Name><![CDATA[Has Deleted View File]]></Name><TargetModule><![CDATA[triPlatformMeta]]></TargetModule><TargetBo><![CDATA[triWebViewFileMeta]]></TargetBo><TargetObjectName><![CDATA[\IBMPlexMono-Regular-Latin2.8af6b3d1e1a4ac4fdd49.woff2-42627]]></TargetObjectName></Association><Association><Name><![CDATA[Has Deleted View File]]></Name><TargetModule><![CDATA[triPlatformMeta]]></TargetModule><TargetBo><![CDATA[triWebViewFileMeta]]></TargetBo><TargetObjectName><![CDATA[\IBMPlexMono-Regular-Latin1.19239848cb5cdf02953e.woff2-42629]]></TargetObjectName></Association><Association><Name><![CDATA[Has Deleted View File]]></Name><TargetModule><![CDATA[triPlatformMeta]]></TargetModule><TargetBo><![CDATA[triWebViewFileMeta]]></TargetBo><TargetObjectName><![CDATA[\IBMPlexMono-Regular-Latin3.cacfd1d7dbd14067b970.woff2-42630]]></TargetObjectName></Association><Association><Name><![CDATA[Has Deleted View File]]></Name><TargetModule><![CDATA[triPlatformMeta]]></TargetModule><TargetBo><![CDATA[triWebViewFileMeta]]></TargetBo><TargetObjectName><![CDATA[\IBMPlexMono-Italic-Cyrillic.64e1054a50262b9083ab.woff2-42631]]></TargetObjectName></Association><Association><Name><![CDATA[Has Deleted View File]]></Name><TargetModule><![CDATA[triPlatformMeta]]></TargetModule><TargetBo><![CDATA[triWebViewFileMeta]]></TargetBo><TargetObjectName><![CDATA[\IBMPlexMono-Italic-Pi.e7c487ed0bd3af889f66.woff2-42633]]></TargetObjectName></Association><Association><Name><![CDATA[Has Deleted View File]]></Name><TargetModule><![CDATA[triPlatformMeta]]></TargetModule><TargetBo><![CDATA[triWebViewFileMeta]]></TargetBo><TargetObjectName><![CDATA[\IBMPlexMono-Italic-Latin1.aa343b4fcab1658acc56.woff2-42632]]></TargetObjectName></Association><Association><Name><![CDATA[Has Deleted View File]]></Name><TargetModule><![CDATA[triPlatformMeta]]></TargetModule><TargetBo><![CDATA[triWebViewFileMeta]]></TargetBo><TargetObjectName><![CDATA[\IBMPlexMono-Italic-Latin3.983c50a737da66c0bd02.woff2-42634]]></TargetObjectName></Association><Association><Name><![CDATA[Has Deleted View File]]></Name><TargetModule><![CDATA[triPlatformMeta]]></TargetModule><TargetBo><![CDATA[triWebViewFileMeta]]></TargetBo><TargetObjectName><![CDATA[\IBMPlexMono-SemiBold-Cyrillic.cd9a0204454ff0e22880.woff2-42635]]></TargetObjectName></Association><Association><Name><![CDATA[Has Deleted View File]]></Name><TargetModule><![CDATA[triPlatformMeta]]></TargetModule><TargetBo><![CDATA[triWebViewFileMeta]]></TargetBo><TargetObjectName><![CDATA[\IBMPlexMono-SemiBold-Pi.723a4b364f38da1e93e0.woff2-42636]]></TargetObjectName></Association><Association><Name><![CDATA[Has Deleted View File]]></Name><TargetModule><![CDATA[triPlatformMeta]]></TargetModule><TargetBo><![CDATA[triWebViewFileMeta]]></TargetBo><TargetObjectName><![CDATA[\IBMPlexMono-Italic-Latin2.f968050d6a8297e66619.woff2-42637]]></TargetObjectName></Association><Association><Name><![CDATA[Has Deleted View File]]></Name><TargetModule><![CDATA[triPlatformMeta]]></TargetModule><TargetBo><![CDATA[triWebViewFileMeta]]></TargetBo><TargetObjectName><![CDATA[\IBMPlexMono-SemiBold-Latin1.8212ca4bb829a5d9f858.woff2-42639]]></TargetObjectName></Association><Association><Name><![CDATA[Has Deleted View File]]></Name><TargetModule><![CDATA[triPlatformMeta]]></TargetModule><TargetBo><![CDATA[triWebViewFileMeta]]></TargetBo><TargetObjectName><![CDATA[\IBMPlexMono-SemiBold-Latin3.729e5174c878b0a30035.woff2-42638]]></TargetObjectName></Association><Association><Name><![CDATA[Has Deleted View File]]></Name><TargetModule><![CDATA[triPlatformMeta]]></TargetModule><TargetBo><![CDATA[triWebViewFileMeta]]></TargetBo><TargetObjectName><![CDATA[\IBMPlexMono-SemiBold-Latin2.b0ec1af29941e0f52305.woff2-42640]]></TargetObjectName></Association><Association><Name><![CDATA[Has Deleted View File]]></Name><TargetModule><![CDATA[triPlatformMeta]]></TargetModule><TargetBo><![CDATA[triWebViewFileMeta]]></TargetBo><TargetObjectName><![CDATA[\IBMPlexMono-SemiBoldItalic-Latin2.74025371289e2bab9590.woff2-42643]]></TargetObjectName></Association><Association><Name><![CDATA[Has Deleted View File]]></Name><TargetModule><![CDATA[triPlatformMeta]]></TargetModule><TargetBo><![CDATA[triWebViewFileMeta]]></TargetBo><TargetObjectName><![CDATA[\IBMPlexMono-SemiBoldItalic-Cyrillic.f31b6425f37c2b71c3fc.woff2-42641]]></TargetObjectName></Association><Association><Name><![CDATA[Has Deleted View File]]></Name><TargetModule><![CDATA[triPlatformMeta]]></TargetModule><TargetBo><![CDATA[triWebViewFileMeta]]></TargetBo><TargetObjectName><![CDATA[\IBMPlexMono-SemiBoldItalic-Pi.22f2f7f20d522f25d8ec.woff2-42642]]></TargetObjectName></Association><Association><Name><![CDATA[Has Deleted View File]]></Name><TargetModule><![CDATA[triPlatformMeta]]></TargetModule><TargetBo><![CDATA[triWebViewFileMeta]]></TargetBo><TargetObjectName><![CDATA[\IBMPlexSerif-Light-Cyrillic.79752c5c990ac51471f4.woff2-42644]]></TargetObjectName></Association><Association><Name><![CDATA[Has Deleted View File]]></Name><TargetModule><![CDATA[triPlatformMeta]]></TargetModule><TargetBo><![CDATA[triWebViewFileMeta]]></TargetBo><TargetObjectName><![CDATA[\IBMPlexMono-SemiBoldItalic-Latin1.0c7e37865f4bb741d719.woff2-42645]]></TargetObjectName></Association><Association><Name><![CDATA[Has Deleted View File]]></Name><TargetModule><![CDATA[triPlatformMeta]]></TargetModule><TargetBo><![CDATA[triWebViewFileMeta]]></TargetBo><TargetObjectName><![CDATA[\draggable.fcd37af02e7ee73f6f0d782a6287ff22.svg-42678]]></TargetObjectName></Association><Association><Name><![CDATA[Has Deleted View File]]></Name><TargetModule><![CDATA[triPlatformMeta]]></TargetModule><TargetBo><![CDATA[triWebViewFileMeta]]></TargetBo><TargetObjectName><![CDATA[\tririga-favicon-gradient.2b6fc8c0898bb53eca88a2befd01afac.svg-42679]]></TargetObjectName></Association><Association><Name><![CDATA[Has Deleted View File]]></Name><TargetModule><![CDATA[triPlatformMeta]]></TargetModule><TargetBo><![CDATA[triWebViewFileMeta]]></TargetBo><TargetObjectName><![CDATA[\zoom--fit.60a375610ee729ddd1b33910f4521514.svg-42682]]></TargetObjectName></Association><Association><Name><![CDATA[Has Deleted View File]]></Name><TargetModule><![CDATA[triPlatformMeta]]></TargetModule><TargetBo><![CDATA[triWebViewFileMeta]]></TargetBo><TargetObjectName><![CDATA[\zoom--out.216fc1ca3533229289968a091efe0732.svg-42680]]></TargetObjectName></Association><Association><Name><![CDATA[Has Deleted View File]]></Name><TargetModule><![CDATA[triPlatformMeta]]></TargetModule><TargetBo><![CDATA[triWebViewFileMeta]]></TargetBo><TargetObjectName><![CDATA[\zoom--in.51b3a93c673a47faedeef89b9bac905c.svg-42681]]></TargetObjectName></Association><Association><Name><![CDATA[Has Deleted View File]]></Name><TargetModule><![CDATA[triPlatformMeta]]></TargetModule><TargetBo><![CDATA[triWebViewFileMeta]]></TargetBo><TargetObjectName><![CDATA[\main.b97511e3.js.LICENSE.txt-42683]]></TargetObjectName></Association><Association><Name><![CDATA[Has Deleted View File]]></Name><TargetModule><![CDATA[triPlatformMeta]]></TargetModule><TargetBo><![CDATA[triWebViewFileMeta]]></TargetBo><TargetObjectName><![CDATA[\main.b97511e3.js-42685]]></TargetObjectName></Association><Association><Name><![CDATA[Has Deleted View File]]></Name><TargetModule><![CDATA[triPlatformMeta]]></TargetModule><TargetBo><![CDATA[triWebViewFileMeta]]></TargetBo><TargetObjectName><![CDATA[\main.b97511e3.js.map-42684]]></TargetObjectName></Association><Association><Name><![CDATA[Has Deleted View File]]></Name><TargetModule><![CDATA[triPlatformMeta]]></TargetModule><TargetBo><![CDATA[triWebViewFileMeta]]></TargetBo><TargetObjectName><![CDATA[\asset-manifest.json-42689]]></TargetObjectName></Association><Association><Name><![CDATA[Has Deleted View File]]></Name><TargetModule><![CDATA[triPlatformMeta]]></TargetModule><TargetBo><![CDATA[triWebViewFileMeta]]></TargetBo><TargetObjectName><![CDATA[\.gitignore-42534]]></TargetObjectName></Association><Association><Name><![CDATA[Has Deleted View File]]></Name><TargetModule><![CDATA[triPlatformMeta]]></TargetModule><TargetBo><![CDATA[triWebViewFileMeta]]></TargetBo><TargetObjectName><![CDATA[\.eslintrc-42533]]></TargetObjectName></Association><Association><Name><![CDATA[Has Deleted View File]]></Name><TargetModule><![CDATA[triPlatformMeta]]></TargetModule><TargetBo><![CDATA[triWebViewFileMeta]]></TargetBo><TargetObjectName><![CDATA[\.triignore-42535]]></TargetObjectName></Association><Association><Name><![CDATA[Has Deleted View File]]></Name><TargetModule><![CDATA[triPlatformMeta]]></TargetModule><TargetBo><![CDATA[triWebViewFileMeta]]></TargetBo><TargetObjectName><![CDATA[\manifest.json-42538]]></TargetObjectName></Association><Association><Name><![CDATA[Has Deleted View File]]></Name><TargetModule><![CDATA[triPlatformMeta]]></TargetModule><TargetBo><![CDATA[triWebViewFileMeta]]></TargetBo><TargetObjectName><![CDATA[\Gear-0.2s-100px.gif-42536]]></TargetObjectName></Association><Association><Name><![CDATA[Has Deleted View File]]></Name><TargetModule><![CDATA[triPlatformMeta]]></TargetModule><TargetBo><![CDATA[triWebViewFileMeta]]></TargetBo><TargetObjectName><![CDATA[\index.html-42537]]></TargetObjectName></Association><Association><Name><![CDATA[Has Deleted View File]]></Name><TargetModule><![CDATA[triPlatformMeta]]></TargetModule><TargetBo><![CDATA[triWebViewFileMeta]]></TargetBo><TargetObjectName><![CDATA[\index.js-42542]]></TargetObjectName></Association><Association><Name><![CDATA[Has Deleted View File]]></Name><TargetModule><![CDATA[triPlatformMeta]]></TargetModule><TargetBo><![CDATA[triWebViewFileMeta]]></TargetBo><TargetObjectName><![CDATA[\AppErrorHandlers.js-42544]]></TargetObjectName></Association><Association><Name><![CDATA[Has Deleted View File]]></Name><TargetModule><![CDATA[triPlatformMeta]]></TargetModule><TargetBo><![CDATA[triWebViewFileMeta]]></TargetBo><TargetObjectName><![CDATA[\index.js-42573]]></TargetObjectName></Association><Association><Name><![CDATA[Has Deleted View File]]></Name><TargetModule><![CDATA[triPlatformMeta]]></TargetModule><TargetBo><![CDATA[triWebViewFileMeta]]></TargetBo><TargetObjectName><![CDATA[\_FooterButtons.scss-42574]]></TargetObjectName></Association><Association><Name><![CDATA[Has Deleted View File]]></Name><TargetModule><![CDATA[triPlatformMeta]]></TargetModule><TargetBo><![CDATA[triWebViewFileMeta]]></TargetBo><TargetObjectName><![CDATA[\_page.scss-42575]]></TargetObjectName></Association><Association><Name><![CDATA[Has Deleted View File]]></Name><TargetModule><![CDATA[triPlatformMeta]]></TargetModule><TargetBo><![CDATA[triWebViewFileMeta]]></TargetBo><TargetObjectName><![CDATA[\index.js-42577]]></TargetObjectName></Association><Association><Name><![CDATA[Has Deleted View File]]></Name><TargetModule><![CDATA[triPlatformMeta]]></TargetModule><TargetBo><![CDATA[triWebViewFileMeta]]></TargetBo><TargetObjectName><![CDATA[\serviceWorker.js-42576]]></TargetObjectName></Association><Association><Name><![CDATA[Has Deleted View File]]></Name><TargetModule><![CDATA[triPlatformMeta]]></TargetModule><TargetBo><![CDATA[triWebViewFileMeta]]></TargetBo><TargetObjectName><![CDATA[\index.scss-42579]]></TargetObjectName></Association><Association><Name><![CDATA[Has Deleted View File]]></Name><TargetModule><![CDATA[triPlatformMeta]]></TargetModule><TargetBo><![CDATA[triWebViewFileMeta]]></TargetBo><TargetObjectName><![CDATA[\Tririga-Logo-192x192.png-42582]]></TargetObjectName></Association><Association><Name><![CDATA[Has Deleted View File]]></Name><TargetModule><![CDATA[triPlatformMeta]]></TargetModule><TargetBo><![CDATA[triWebViewFileMeta]]></TargetBo><TargetObjectName><![CDATA[\manifest.json-42581]]></TargetObjectName></Association><Association><Name><![CDATA[Has Deleted View File]]></Name><TargetModule><![CDATA[triPlatformMeta]]></TargetModule><TargetBo><![CDATA[triWebViewFileMeta]]></TargetBo><TargetObjectName><![CDATA[\Tririga-Logo-512x512.png-42586]]></TargetObjectName></Association><Association><Name><![CDATA[Has Deleted View File]]></Name><TargetModule><![CDATA[triPlatformMeta]]></TargetModule><TargetBo><![CDATA[triWebViewFileMeta]]></TargetBo><TargetObjectName><![CDATA[\IBMPlexSans-Light-Latin3.32a6fcddf51918f011f5.woff2-42584]]></TargetObjectName></Association><Association><Name><![CDATA[Has Deleted View File]]></Name><TargetModule><![CDATA[triPlatformMeta]]></TargetModule><TargetBo><![CDATA[triWebViewFileMeta]]></TargetBo><TargetObjectName><![CDATA[\IBMPlexSans-Italic-Latin3.8bbf2e3b118b1732ea16.woff2-42603]]></TargetObjectName></Association><Association><Name><![CDATA[Has Deleted View File]]></Name><TargetModule><![CDATA[triPlatformMeta]]></TargetModule><TargetBo><![CDATA[triWebViewFileMeta]]></TargetBo><TargetObjectName><![CDATA[\IBMPlexSans-Italic-Latin2.3fb99cf388da08c31bd7.woff2-42602]]></TargetObjectName></Association><Association><Name><![CDATA[Has Deleted View File]]></Name><TargetModule><![CDATA[triPlatformMeta]]></TargetModule><TargetBo><![CDATA[triWebViewFileMeta]]></TargetBo><TargetObjectName><![CDATA[\IBMPlexMono-SemiBoldItalic-Latin3.a81d5c10cd640839a4b8.woff2-42646]]></TargetObjectName></Association><Association><Name><![CDATA[Has Deleted View File]]></Name><TargetModule><![CDATA[triPlatformMeta]]></TargetModule><TargetBo><![CDATA[triWebViewFileMeta]]></TargetBo><TargetObjectName><![CDATA[\IBMPlexSerif-Light-Latin3.a1c1f2f0c32534ae4785.woff2-42649]]></TargetObjectName></Association><Association><Name><![CDATA[Has Deleted View File]]></Name><TargetModule><![CDATA[triPlatformMeta]]></TargetModule><TargetBo><![CDATA[triWebViewFileMeta]]></TargetBo><TargetObjectName><![CDATA[\IBMPlexSerif-Light-Pi.2d855afa565d0006f5fa.woff2-42648]]></TargetObjectName></Association><Association><Name><![CDATA[Has Deleted View File]]></Name><TargetModule><![CDATA[triPlatformMeta]]></TargetModule><TargetBo><![CDATA[triWebViewFileMeta]]></TargetBo><TargetObjectName><![CDATA[\IBMPlexSerif-Light-Latin2.9326d3d6ca3411249fd4.woff2-42647]]></TargetObjectName></Association><Association><Name><![CDATA[Has Deleted View File]]></Name><TargetModule><![CDATA[triPlatformMeta]]></TargetModule><TargetBo><![CDATA[triWebViewFileMeta]]></TargetBo><TargetObjectName><![CDATA[\IBMPlexSerif-LightItalic-Latin3.e589f9b7ff20e7e011ee.woff2-42651]]></TargetObjectName></Association><Association><Name><![CDATA[Has Deleted View File]]></Name><TargetModule><![CDATA[triPlatformMeta]]></TargetModule><TargetBo><![CDATA[triWebViewFileMeta]]></TargetBo><TargetObjectName><![CDATA[\IBMPlexSans-Italic-Latin1.a34802c95c44f5903e18.woff2-42606]]></TargetObjectName></Association><Association><Name><![CDATA[Has Deleted View File]]></Name><TargetModule><![CDATA[triPlatformMeta]]></TargetModule><TargetBo><![CDATA[triWebViewFileMeta]]></TargetBo><TargetObjectName><![CDATA[\IBMPlexSans-SemiBold-Cyrillic.6d9b6411704ee0e26f31.woff2-42607]]></TargetObjectName></Association><Association><Name><![CDATA[Has Deleted View File]]></Name><TargetModule><![CDATA[triPlatformMeta]]></TargetModule><TargetBo><![CDATA[triWebViewFileMeta]]></TargetBo><TargetObjectName><![CDATA[\IBMPlexSans-SemiBold-Pi.9924e57202230ba397b0.woff2-42605]]></TargetObjectName></Association><Association><Name><![CDATA[Has Deleted View File]]></Name><TargetModule><![CDATA[triPlatformMeta]]></TargetModule><TargetBo><![CDATA[triWebViewFileMeta]]></TargetBo><TargetObjectName><![CDATA[\IBMPlexSans-SemiBold-Latin2.1ac9d0b721a47c618f27.woff2-42609]]></TargetObjectName></Association><Association><Name><![CDATA[Has Deleted View File]]></Name><TargetModule><![CDATA[triPlatformMeta]]></TargetModule><TargetBo><![CDATA[triWebViewFileMeta]]></TargetBo><TargetObjectName><![CDATA[\IBMPlexSans-SemiBold-Latin3.144035d867f964f2c13d.woff2-42608]]></TargetObjectName></Association><Association><Name><![CDATA[Has Deleted View File]]></Name><TargetModule><![CDATA[triPlatformMeta]]></TargetModule><TargetBo><![CDATA[triWebViewFileMeta]]></TargetBo><TargetObjectName><![CDATA[\IBMPlexSans-SemiBold-Latin1.578aae4082fb12898fe3.woff2-42610]]></TargetObjectName></Association><Association><Name><![CDATA[Has Deleted View File]]></Name><TargetModule><![CDATA[triPlatformMeta]]></TargetModule><TargetBo><![CDATA[triWebViewFileMeta]]></TargetBo><TargetObjectName><![CDATA[\IBMPlexSans-SemiBoldItalic-Pi.88cb07ee53507d19f992.woff2-42613]]></TargetObjectName></Association><Association><Name><![CDATA[Has Deleted View File]]></Name><TargetModule><![CDATA[triPlatformMeta]]></TargetModule><TargetBo><![CDATA[triWebViewFileMeta]]></TargetBo><TargetObjectName><![CDATA[\IBMPlexSans-SemiBoldItalic-Latin2.e5317022888823405337.woff2-42612]]></TargetObjectName></Association><Association><Name><![CDATA[Has Deleted View File]]></Name><TargetModule><![CDATA[triPlatformMeta]]></TargetModule><TargetBo><![CDATA[triWebViewFileMeta]]></TargetBo><TargetObjectName><![CDATA[\IBMPlexSerif-LightItalic-Cyrillic.e0d279d30dd9df7831ce.woff2-42650]]></TargetObjectName></Association><Association><Name><![CDATA[Has Deleted View File]]></Name><TargetModule><![CDATA[triPlatformMeta]]></TargetModule><TargetBo><![CDATA[triWebViewFileMeta]]></TargetBo><TargetObjectName><![CDATA[\IBMPlexSerif-LightItalic-Pi.dacaf9bef27fac67fb17.woff2-42652]]></TargetObjectName></Association><Association><Name><![CDATA[Has Deleted View File]]></Name><TargetModule><![CDATA[triPlatformMeta]]></TargetModule><TargetBo><![CDATA[triWebViewFileMeta]]></TargetBo><TargetObjectName><![CDATA[\IBMPlexSerif-LightItalic-Latin1.8000079133e696898c7e.woff2-42654]]></TargetObjectName></Association><Association><Name><![CDATA[Has Deleted View File]]></Name><TargetModule><![CDATA[triPlatformMeta]]></TargetModule><TargetBo><![CDATA[triWebViewFileMeta]]></TargetBo><TargetObjectName><![CDATA[\IBMPlexSerif-LightItalic-Latin2.62f5f45b32f0702031ad.woff2-42653]]></TargetObjectName></Association><Association><Name><![CDATA[Has Deleted View File]]></Name><TargetModule><![CDATA[triPlatformMeta]]></TargetModule><TargetBo><![CDATA[triWebViewFileMeta]]></TargetBo><TargetObjectName><![CDATA[\IBMPlexSerif-Light-Latin1.907c442ef0bf7886cbbc.woff2-42655]]></TargetObjectName></Association><Association><Name><![CDATA[Has Deleted View File]]></Name><TargetModule><![CDATA[triPlatformMeta]]></TargetModule><TargetBo><![CDATA[triWebViewFileMeta]]></TargetBo><TargetObjectName><![CDATA[\IBMPlexSerif-Regular-Pi.0eb6e423b08540bb2757.woff2-42658]]></TargetObjectName></Association><Association><Name><![CDATA[Has Deleted View File]]></Name><TargetModule><![CDATA[triPlatformMeta]]></TargetModule><TargetBo><![CDATA[triWebViewFileMeta]]></TargetBo><TargetObjectName><![CDATA[\IBMPlexSerif-Regular-Cyrillic.362a779400aac0be5a12.woff2-42656]]></TargetObjectName></Association><Association><Name><![CDATA[Has Deleted View File]]></Name><TargetModule><![CDATA[triPlatformMeta]]></TargetModule><TargetBo><![CDATA[triWebViewFileMeta]]></TargetBo><TargetObjectName><![CDATA[\IBMPlexSerif-Regular-Latin3.0755d9c25fe86099a1fb.woff2-42657]]></TargetObjectName></Association><Association><Name><![CDATA[Has Deleted View File]]></Name><TargetModule><![CDATA[triPlatformMeta]]></TargetModule><TargetBo><![CDATA[triWebViewFileMeta]]></TargetBo><TargetObjectName><![CDATA[\IBMPlexSerif-Regular-Latin1.4882dd164789ce7f44fe.woff2-42659]]></TargetObjectName></Association><Association><Name><![CDATA[Has Deleted View File]]></Name><TargetModule><![CDATA[triPlatformMeta]]></TargetModule><TargetBo><![CDATA[triWebViewFileMeta]]></TargetBo><TargetObjectName><![CDATA[\IBMPlexSerif-Italic-Cyrillic.44c432e4a678791737ca.woff2-42661]]></TargetObjectName></Association><Association><Name><![CDATA[Has Deleted View File]]></Name><TargetModule><![CDATA[triPlatformMeta]]></TargetModule><TargetBo><![CDATA[triWebViewFileMeta]]></TargetBo><TargetObjectName><![CDATA[\IBMPlexSerif-Regular-Latin2.95db32b85d6efe3f0c92.woff2-42660]]></TargetObjectName></Association><Association><Name><![CDATA[Has Deleted View File]]></Name><TargetModule><![CDATA[triPlatformMeta]]></TargetModule><TargetBo><![CDATA[triWebViewFileMeta]]></TargetBo><TargetObjectName><![CDATA[\IBMPlexSerif-Italic-Latin2.90822629c9f43acb1cf8.woff2-42664]]></TargetObjectName></Association><Association><Name><![CDATA[Has Deleted View File]]></Name><TargetModule><![CDATA[triPlatformMeta]]></TargetModule><TargetBo><![CDATA[triWebViewFileMeta]]></TargetBo><TargetObjectName><![CDATA[\IBMPlexSerif-Italic-Pi.189265eddd933218a2c4.woff2-42662]]></TargetObjectName></Association><Association><Name><![CDATA[Has Deleted View File]]></Name><TargetModule><![CDATA[triPlatformMeta]]></TargetModule><TargetBo><![CDATA[triWebViewFileMeta]]></TargetBo><TargetObjectName><![CDATA[\IBMPlexSerif-Italic-Latin3.2e0b1ce3e5a1765917d0.woff2-42663]]></TargetObjectName></Association><Association><Name><![CDATA[Has Deleted View File]]></Name><TargetModule><![CDATA[triPlatformMeta]]></TargetModule><TargetBo><![CDATA[triWebViewFileMeta]]></TargetBo><TargetObjectName><![CDATA[\IBMPlexSerif-SemiBold-Pi.42df6ba8755c7591afbe.woff2-42666]]></TargetObjectName></Association><Association><Name><![CDATA[Has Deleted View File]]></Name><TargetModule><![CDATA[triPlatformMeta]]></TargetModule><TargetBo><![CDATA[triWebViewFileMeta]]></TargetBo><TargetObjectName><![CDATA[\IBMPlexSerif-Italic-Latin1.92f1cafa16c646cffd37.woff2-42665]]></TargetObjectName></Association><Association><Name><![CDATA[Has Deleted View File]]></Name><TargetModule><![CDATA[triPlatformMeta]]></TargetModule><TargetBo><![CDATA[triWebViewFileMeta]]></TargetBo><TargetObjectName><![CDATA[\IBMPlexSerif-SemiBold-Cyrillic.347e5ea493b441f06459.woff2-42667]]></TargetObjectName></Association><Association><Name><![CDATA[Has Deleted View File]]></Name><TargetModule><![CDATA[triPlatformMeta]]></TargetModule><TargetBo><![CDATA[triWebViewFileMeta]]></TargetBo><TargetObjectName><![CDATA[\IBMPlexSerif-SemiBold-Latin3.27626c129fe4aa22e2e6.woff2-42670]]></TargetObjectName></Association><Association><Name><![CDATA[Has Deleted View File]]></Name><TargetModule><![CDATA[triPlatformMeta]]></TargetModule><TargetBo><![CDATA[triWebViewFileMeta]]></TargetBo><TargetObjectName><![CDATA[\IBMPlexSerif-SemiBold-Latin2.5d3700da8be3c5172b76.woff2-42668]]></TargetObjectName></Association><Association><Name><![CDATA[Has Deleted View File]]></Name><TargetModule><![CDATA[triPlatformMeta]]></TargetModule><TargetBo><![CDATA[triWebViewFileMeta]]></TargetBo><TargetObjectName><![CDATA[\IBMPlexSerif-SemiBold-Latin1.a1f7181f7c86baf1c351.woff2-42669]]></TargetObjectName></Association><Association><Name><![CDATA[Has Deleted View File]]></Name><TargetModule><![CDATA[triPlatformMeta]]></TargetModule><TargetBo><![CDATA[triWebViewFileMeta]]></TargetBo><TargetObjectName><![CDATA[\IBMPlexSerif-SemiBoldItalic-Cyrillic.2861a6629748147a32ea.woff2-42671]]></TargetObjectName></Association><Association><Name><![CDATA[Has Deleted View File]]></Name><TargetModule><![CDATA[triPlatformMeta]]></TargetModule><TargetBo><![CDATA[triWebViewFileMeta]]></TargetBo><TargetObjectName><![CDATA[\IBMPlexSerif-SemiBoldItalic-Latin3.e655f59b8f3ed3b7c9fe.woff2-42673]]></TargetObjectName></Association><Association><Name><![CDATA[Has Deleted View File]]></Name><TargetModule><![CDATA[triPlatformMeta]]></TargetModule><TargetBo><![CDATA[triWebViewFileMeta]]></TargetBo><TargetObjectName><![CDATA[\IBMPlexSerif-SemiBoldItalic-Pi.9e3f7d82b48ac62c7cb5.woff2-42672]]></TargetObjectName></Association><Association><Name><![CDATA[Has Deleted View File]]></Name><TargetModule><![CDATA[triPlatformMeta]]></TargetModule><TargetBo><![CDATA[triWebViewFileMeta]]></TargetBo><TargetObjectName><![CDATA[\IBMPlexSerif-SemiBoldItalic-Latin1.6305238484fd3cc045b0.woff2-42676]]></TargetObjectName></Association><Association><Name><![CDATA[Has Deleted View File]]></Name><TargetModule><![CDATA[triPlatformMeta]]></TargetModule><TargetBo><![CDATA[triWebViewFileMeta]]></TargetBo><TargetObjectName><![CDATA[\IBMPlexSerif-SemiBoldItalic-Latin2.7984062acac19d00de83.woff2-42674]]></TargetObjectName></Association><Association><Name><![CDATA[Has Deleted View File]]></Name><TargetModule><![CDATA[triPlatformMeta]]></TargetModule><TargetBo><![CDATA[triWebViewFileMeta]]></TargetBo><TargetObjectName><![CDATA[\Not-authorized.6bf1b8b9e30f19525ca3b8bb77b5fef2.svg-42675]]></TargetObjectName></Association><Association><Name><![CDATA[Has Deleted View File]]></Name><TargetModule><![CDATA[triPlatformMeta]]></TargetModule><TargetBo><![CDATA[triWebViewFileMeta]]></TargetBo><TargetObjectName><![CDATA[\zoom--in-area.abe60a40e45fa28d75dede5ba9aa0194.svg-42677]]></TargetObjectName></Association><Association><Name><![CDATA[Has Deleted View File]]></Name><TargetModule><![CDATA[triPlatformMeta]]></TargetModule><TargetBo><![CDATA[triWebViewFileMeta]]></TargetBo><TargetObjectName><![CDATA[\main.51488af5.css-42688]]></TargetObjectName></Association><Association><Name><![CDATA[Has Deleted View File]]></Name><TargetModule><![CDATA[triPlatformMeta]]></TargetModule><TargetBo><![CDATA[triWebViewFileMeta]]></TargetBo><TargetObjectName><![CDATA[\main.51488af5.css.map-42686]]></TargetObjectName></Association><Association><Name><![CDATA[Has Deleted View File]]></Name><TargetModule><![CDATA[triPlatformMeta]]></TargetModule><TargetBo><![CDATA[triWebViewFileMeta]]></TargetBo><TargetObjectName><![CDATA[\index.html-42687]]></TargetObjectName></Association><Association><Name><![CDATA[Has Deleted View File]]></Name><TargetModule><![CDATA[triPlatformMeta]]></TargetModule><TargetBo><![CDATA[triWebViewFileMeta]]></TargetBo><TargetObjectName><![CDATA[\CurrentUserDS.js-42554]]></TargetObjectName></Association><Association><Name><![CDATA[Has Deleted View File]]></Name><TargetModule><![CDATA[triPlatformMeta]]></TargetModule><TargetBo><![CDATA[triWebViewFileMeta]]></TargetBo><TargetObjectName><![CDATA[\AppModel.js-42556]]></TargetObjectName></Association><Association><Name><![CDATA[Has Deleted View File]]></Name><TargetModule><![CDATA[triPlatformMeta]]></TargetModule><TargetBo><![CDATA[triWebViewFileMeta]]></TargetBo><TargetObjectName><![CDATA[\utils.js-42555]]></TargetObjectName></Association><Association><Name><![CDATA[Has Deleted View File]]></Name><TargetModule><![CDATA[triPlatformMeta]]></TargetModule><TargetBo><![CDATA[triWebViewFileMeta]]></TargetBo><TargetObjectName><![CDATA[\index.js-42557]]></TargetObjectName></Association><Association><Name><![CDATA[Has Deleted View File]]></Name><TargetModule><![CDATA[triPlatformMeta]]></TargetModule><TargetBo><![CDATA[triWebViewFileMeta]]></TargetBo><TargetObjectName><![CDATA[\CurrentUserPage.js-42559]]></TargetObjectName></Association><Association><Name><![CDATA[Has Deleted View File]]></Name><TargetModule><![CDATA[triPlatformMeta]]></TargetModule><TargetBo><![CDATA[triWebViewFileMeta]]></TargetBo><TargetObjectName><![CDATA[\_CurrentUserPage.scss-42558]]></TargetObjectName></Association><Association><Name><![CDATA[Has Deleted View File]]></Name><TargetModule><![CDATA[triPlatformMeta]]></TargetModule><TargetBo><![CDATA[triWebViewFileMeta]]></TargetBo><TargetObjectName><![CDATA[\HomePage.js-42562]]></TargetObjectName></Association><Association><Name><![CDATA[Has Deleted View File]]></Name><TargetModule><![CDATA[triPlatformMeta]]></TargetModule><TargetBo><![CDATA[triWebViewFileMeta]]></TargetBo><TargetObjectName><![CDATA[\_HomePage.scss-42561]]></TargetObjectName></Association><Association><Name><![CDATA[Has Deleted View File]]></Name><TargetModule><![CDATA[triPlatformMeta]]></TargetModule><TargetBo><![CDATA[triWebViewFileMeta]]></TargetBo><TargetObjectName><![CDATA[\index.js-42560]]></TargetObjectName></Association><Association><Name><![CDATA[Has Deleted View File]]></Name><TargetModule><![CDATA[triPlatformMeta]]></TargetModule><TargetBo><![CDATA[triWebViewFileMeta]]></TargetBo><TargetObjectName><![CDATA[\Not-authorized.svg-42564]]></TargetObjectName></Association><Association><Name><![CDATA[Has Deleted View File]]></Name><TargetModule><![CDATA[triPlatformMeta]]></TargetModule><TargetBo><![CDATA[triWebViewFileMeta]]></TargetBo><TargetObjectName><![CDATA[\.env-42531]]></TargetObjectName></Association><Association><Name><![CDATA[Has Deleted View File]]></Name><TargetModule><![CDATA[triPlatformMeta]]></TargetModule><TargetBo><![CDATA[triWebViewFileMeta]]></TargetBo><TargetObjectName><![CDATA[\_TririgaUXWebApp.scss-42547]]></TargetObjectName></Association><Association><Name><![CDATA[Has Deleted View File]]></Name><TargetModule><![CDATA[triPlatformMeta]]></TargetModule><TargetBo><![CDATA[triWebViewFileMeta]]></TargetBo><TargetObjectName><![CDATA[\ApplicationMessages.js-42546]]></TargetObjectName></Association><Association><Name><![CDATA[Has Deleted View File]]></Name><TargetModule><![CDATA[triPlatformMeta]]></TargetModule><TargetBo><![CDATA[triWebViewFileMeta]]></TargetBo><TargetObjectName><![CDATA[\messages.json-42548]]></TargetObjectName></Association><Association><Name><![CDATA[Has Deleted View File]]></Name><TargetModule><![CDATA[triPlatformMeta]]></TargetModule><TargetBo><![CDATA[triWebViewFileMeta]]></TargetBo><TargetObjectName><![CDATA[\buttonsMessages.json-42549]]></TargetObjectName></Association><Association><Name><![CDATA[Has Deleted View File]]></Name><TargetModule><![CDATA[triPlatformMeta]]></TargetModule><TargetBo><![CDATA[triWebViewFileMeta]]></TargetBo><TargetObjectName><![CDATA[\errorMessages.json-42550]]></TargetObjectName></Association><Association><Name><![CDATA[Has Deleted View File]]></Name><TargetModule><![CDATA[triPlatformMeta]]></TargetModule><TargetBo><![CDATA[triWebViewFileMeta]]></TargetBo><TargetObjectName><![CDATA[\DatasourceNames.js-42552]]></TargetObjectName></Association><Association><Name><![CDATA[Has Deleted View File]]></Name><TargetModule><![CDATA[triPlatformMeta]]></TargetModule><TargetBo><![CDATA[triWebViewFileMeta]]></TargetBo><TargetObjectName><![CDATA[\index.js-42553]]></TargetObjectName></Association><Association><Name><![CDATA[Has Deleted View File]]></Name><TargetModule><![CDATA[triPlatformMeta]]></TargetModule><TargetBo><![CDATA[triWebViewFileMeta]]></TargetBo><TargetObjectName><![CDATA[\Paths.js-42551]]></TargetObjectName></Association><Association><Name><![CDATA[Primary Location]]></Name><TargetModule><![CDATA[Location]]></TargetModule><TargetBo><![CDATA[triSpace]]></TargetBo><TargetObjectName><![CDATA[\Locations\Property 01\Building-01\Floor-01\Room 100]]></TargetObjectName></Association></Associations>     </BoRecord>
</BoRecords>
